"sep=,",Column2,Column3,Column4,Column5,Column6,Column7,Column8,Column9,Column10,Column11,Column12,Column13,Column14,Column15,Column16,Column17,Column18,Column19,Column20,Column21,Column22,Column23,Column24,Column25,Column26,Column27,Column28,Column29,Column30
Resource Type,Title,Description,Compiler,Project Link,Data Link,Link for technical documentation/cautions,Link for Articles/Discussion,Restrictions?,Geographic Coverage,Geographic Level,Date Coverage,Data Type,Added/Updated When,Theme,Economics,Imprisonment,Indigenous Peoples,Discrimination,Youths,Civil Rights,Hate Crimes,Social Justice,Health,Racism,Police Misconduct,Immigration,Keywords,,
Project,Aboriginal & Torres Strait Islander Data Archive,"""Aboriginal and Torres Strait Islander people and issues relating to them continue to attract much study. But frequently, often due to ethical concerns intrinsic to small population research compounded by the particular aspects relating to indigenous peoples, Datasets are not made available for secondary analysis. It is important to collect and preserve these fragmented research resources and to make them available for further research, under appropriate protocols, so as to reduce the response burden on Australian Indigenous communities while enabling informed analysis and commentary in areas of national priority.""",University of Technology Sydney Library,https://www.atsida.edu.au/,https://www.atsida.edu.au/node/849,https://www.atsida.edu.au/node/843,,,Australia and Torres Straits,,varies,varies,45054,Indigenous Peoples,0,0,1,0,0,0,0,0,1,0,0,0,"Health, Employment, Education, Economics, History",,
Project,Alaska Native Collaborative Hub for Research on Resilience (ANCHRR),"Reduce Alaska Native youth suicide risk and promote wellness. Develop and sustain capacity for health research that is community-driven, Alaska Native led, and grounded by Indigenous knowledge, language and culture. Collaborates with three Alaska regions: Yukon Kuskokwim, Bering Straits and Northwest Arctic.",Indian Health Service,https://www.anchrr.org/,Under Resources,,reports and publications linked at Resources page https://www.anchrr.org/copy-of-events,,"Alaska, USA",,,varies,45054,Indigenous Peoples,0,0,1,0,0,0,0,0,1,0,0,0,"Health, Suicide, Alcohol abuse",,
Project,Black Women's Health Study (BWHS),"59,000 women, longitudinal study","Led by investigators Lynn Rosenberg and Julie Palmer, from Boston University, and Lucile Adams-Campbell, from Georgetown University’s Lombardi Comprehensive Cancer Center.",https://www.bu.edu/bwhs/for-researchers/data-requests/,data not hosted online,,publications listed at https://www.bu.edu/bwhs/research/publications/,Investigators may apply to use this data.,,,1995-present,,45054,Health,0,0,0,0,0,0,0,0,1,0,0,0,"African Americans, Cancer, Diabetes, Womens health care",,
Datasets,Black Youth Project Survey: Original Research 2005,"""A new national survey of young people ages 15-25. The new questionnaire includes both previously used questions from other surveys to allow for comparison across sample populations and new questions never asked of adolescents and young adults before""","Black Youth Project, University of Chicago",http://blackyouthproject.com/,https://blackyouthproject.com/project/black-youth-project-survey-methodology/,,,,USA,,2015,,45054,Youths,0,0,0,0,1,0,0,0,0,0,0,0,"African Americans, Hispanic or Latino Americans, Attitudes, Opinions",,
Project,California Health Interview Survey (CHIS),The nation's largest state health survey and a critical source of data on Californians as well as on the state's various racial and ethnic groups.  CHIS is especially known for its hard-to-find data on ethnic subgroups and sexual minorities,conducted by the UCLA Center for Health Policy Research in collaboration with the California Department of Public Health and the Department of Health Care Services.,http://healthpolicy.ucla.edu/chis/Pages/default.aspx,,http://healthpolicy.ucla.edu/chis/data/Pages/GetCHISData.aspx,,,"California, USA","county, municipality","2001-present biennial surveys 2001-2010, 2011-present continuous surveys",,45054,Health,0,0,0,0,0,0,0,0,1,0,0,0,"Health behaviors, Health insurance, Employment, Households, Public assistance programs",,
Datasets,Child Welfare Outcomes Report Data,Children's Bureau research on child welfare issues includes a series of annual Child Welfare Outcomes Reports to Congress. These reports include data from the Adoption and Foster Care Analysis and Reporting System (AFCARS) and the National Child Abuse and Neglect Data System (NCANDS). Analysis by race available.,"U.S. Department of Health and Human Services, Administration for Children and Families, Children's Bureau",https://www.acf.hhs.gov/cb/data-research/child-welfare-outcomes,https://cwoutcomes.acf.hhs.gov/cwodatasite/,https://cwoutcomes.acf.hhs.gov/cwodatasite/pdf/CWO%20Data%20Quality%20Definitions%20and%20Exclusions.pdf,https://www.acf.hhs.gov/cb/data-research/child-welfare-outcomes,,USA,state,varies,,45054,Youths,0,0,0,0,1,0,0,0,0,0,0,0,"Adoption, Child Welfare, Child Abuse ",,
Datasets,Civil Rights Data Collection (CRDC),"Since 1968, the U.S. Department of Education (ED) has conducted the Civil Rights Data Collection (CRDC) to collect data on key education and civil rights issues in our nation's public schools. The collection was formerly administered as the Elementary and Secondary School Survey (E&S Survey). The CRDC collects a variety of information including student enrollment and educational programs and services, most of which is disaggregated by race/ethnicity, sex, limited English proficiency, and disability. The CRDC is a longstanding and important aspect of the ED Office for Civil Rights (OCR) overall strategy for administering and enforcing the civil rights statutes for which it is responsible. Information collected by the CRDC is also used by other ED offices as well as policymakers and researchers outside of ED.""","Office for Civil Rights, US Department of Education",https://www2.ed.gov/about/offices/list/ocr/data.html,,,,"from Data is plural: “Education and civil rights. For decades, the US Department of Education’s Civil Rights Data Collection has compiled “data on key education and civil rights issues in our nation’s public schools,” including “student enrollment and educational programs and services, most of which is disaggregated by race/ethnicity, sex, limited English proficiency, and disability.” Last month, the department released the CRDC for the 2017–18 school year. Related: ProPublica has used CRDC data to investigate racial inequality and the use of restraints and seclusions. [h/t Andrew McCartney]”",USA,,1968 (?)-present,,45054,Civil Rights,0,0,0,0,0,1,0,0,0,0,0,0,"Education, Public Schools, Student enrollment, Corporal punishment, Disabled persons",,
Datasets,"Collaborative Psychiatric Epidemiology Surveys (CPES), 2001-2003 [United States] (ICPSR 20240)","""The Collaborative Psychiatric Epidemiology Surveys (CPES) were initiated in recognition of the need for contemporary, comprehensive epidemiological data regarding the distributions, correlates and risk factors of mental disorders among the general population with special emphasis on minority groups.""","Alegria, Margarita, Jackson, James S. (James Sidney), Kessler, Ronald C., and Takeuchi, David.",,https://www.icpsr.umich.edu/web/ICPSR/studies/20240,,,Restricted to ICPSR member institutions,,,,,45054,Health,0,0,0,0,0,0,0,0,1,0,0,0,"Mental disorders, Psychiatry, Minorities",,
Datasets,Count Love: Protests for a Kinder World,"Data, visualizations based upon news reports of protests supporting racial justice, compassionate immigration, gun control, healthcare access, education funding, and the environment. Data includes attendees, attendees per capita, protests are coded by category, cartograms provided links to news reporting ","Between January 2017 and January 2021, thousands of local news sources in the United States reported on over 42,000 protests about topics such as civil rights, immigration, guns, and the environment. Given the vast number of local journalists that report on protests daily, extracting these events as structured data to understand temporal and geographic trends can empower civic decision-making. However, the task of extracting events from news articles presents well known challenges to the NLP community in the fields of domain detection, slot filling, and coreference resolution. To help improve the resources available for extracting structured data from news stories, our contribution is three-fold. We 1) release a manually labeled dataset of news article URLs, dates, locations, crowd size estimates, and 494 discrete descriptive tags corresponding to 42,347 reported protest events in the United States between January 2017 and January 2021; 2) describe the semi-automated data collection pipeline used to discover, sort, and review the 144,568 English articles that comprise the dataset; and 3) benchmark a long-short term memory (LSTM) low dimensional classifier that demonstrates the utility of processing news articles based on syntactic structures, such as paragraphs and sentences, to count the number of reported protest events. ",https://countlove.org/,https://countlove.org/data/data.csv,We also offer an archival version as a GitHub repository: https://github.com/count-love/protest-data ,,,USA,,1/20/2017-1/31/2021,"numeric, statistical",45054,Social Justice,0,0,0,0,0,0,0,1,1,0,0,0,"Race relations, Immigration, Education, Gun control, Healthcare, Climate change",,
Datasets,COVID Racial Data Tracker,"""The COVID Racial Data Tracker is a collaboration between the COVID Tracking Project and the Boston University Center for Antiracist Research. Together, we’re gathering the most complete and up-to-date race and ethnicity data on COVID-19 in the United States."" ""As of March 7, 2021 we are no longer collecting new data.""",COVID Tracking Project,https://covidtracking.com/race,https://covidtracking.com/about-data/data-summary/#covid-racial-data-tracker,,,"from Data is plural: “Coronavirus and race. Last week, the COVID Tracking Project (DIP 2020.03.18) launched a beta release of its COVID Racial Data Tracker, built in collaboration with American University’s Antiracist Research & Policy Center. The tracker collects demographic statistics, now published by most states, that disaggregate the number of COVID-19 cases and deaths by race and/or ethnicity. “This is a challenging Datasets to compile and code, and our data sources remain in flux, but we offer this beta release for full transparency,” the project’s organizers write they’re seeking feedback “as we work toward building a complete Datasets and getting it into our API and onto the website.””",USA,,2020-2021,,45054,Health,0,0,0,0,0,0,0,0,1,0,0,0,"Covid-19, Race, Discrimination, Pandemic",,
Datasets,COVID-19 Case Surveillance Public Use Data,"""This case surveillance public use Datasets has 12 elements for all COVID-19 cases shared with CDC and includes demographics, any exposure history, disease severity indicators and outcomes, presence of any underlying medical conditions and risk behaviors, and no geographic data.""","Centers for Disease Control and Prevention, U.S. Department of Health & Human Services",https://data.cdc.gov/Case-Surveillance/COVID-19-Case-Surveillance-Public-Use-Data/vbim-akqf,,,,"from Data is plural: “1.75 million US COVID patients. The US Centers for Disease Control and Prevention has published a Datasets containing demographic and medical information on 1.75 million deidentified COVID-19 patients. For each confirmed or probable case, the Datasets report reports the patient’s age group and race/ethnicity, the date of their initial symptoms, whether they were hospitalized, whether they had an “underlying morbidity or disease,” and more — although several of the fields contain high percentages of “unknown” values. The Datasets is similar to the one The New York Times got from the CDC through a Freedom of Information Act lawsuit (see: “The Fullest Look Yet at the Racial Inequity of Coronavirus”), but it does not specify the patient’s county. [h/t Marc Bevand + Steven Mosher]” from Data is plural: “US coronavirus case details. Last week, the US CDC began publishing a new, geographically-specific COVID-19 “case surveillance” Datasets. Each of the 22 million rows represents a (de-identified) coronavirus case, accounting for roughly 70% of the country’s current official case count. The details include (where available) the person’s county and state of residence age, sex, race, and ethnicity “presence of any underlying medical conditions and risk behaviors” and whether the person was hospitalized and/or died. Read more: Betsy Ladyzhets writes at the COVID-19 Data Dispatch, “After months of no state-by-state demographic data from the federal government, we now have county-by-county demographic data. This is a pretty big deal!””",USA,,2020-present,,45054,Health,0,0,0,0,0,0,0,0,1,0,0,0,"Covid-19, Pandemic, Medical conditions",,
Datasets,Manhattan District Attorney Prosecution Data Dashboard,"""Our Data Dashboard, the first in New York State, provides the public with comprehensive data about our office’s prosecutions. The groundbreaking, user-friendly tool includes more than seven years’ worth of data from arrest to sentencing, and allows users to narrow results by race, gender, and age, among other filters. The data is refreshed weekly.""","New York County, Manhattan District Attorney's Office",https://data.manhattanda.org/,https://data.manhattanda.org/#!/,,,"“Manhattan district attorney to release years of racial data as part of nationwide accountability push”, Washington Post, https://www.washingtonpost.com/national-security/cyrus-vance-prosecution-data/2021/03/17/38435aec-7332-11eb-93be-c10813e358a2_story.html","New York County, NY, USA",county,2013-present,,45054,Civil Rights,0,0,0,0,0,1,0,0,0,1,0,0,"Arrests, Arraignment, Disposition (legal), Sentences, Race, Ethnicity",,
Project,"Data for Black Lives' COVID-19 data: Compiled open state data (including racial disparities), and Black Healthcare Workers survey","""Data is often not collected about Black communities when it's needed the most.""  Data available seems likely to change over time.",D4BL,http://d4bl.org/,https://d4bl.org/datasets/6-the-impact-of-covid-19-on-black-communities,Also on Github: https://github.com/d4bl,,,USA,,2017-present,,45054,Health,0,0,0,0,0,0,0,1,1,0,0,0,"African Americans, Social justice, Education, Covid-19",,
Project,"Data for Social Good: People, Processes and Technology","A podcast series on using data for social good. This podcast features Frank Romo, founder of Detroit based RomoGIS Enterprises: a data, design and research collaborative aimed at promoting the public good through innovative technical solutions. The data links to a map of BLM protests in the wake of the murder of George Floyd.",MITCOLAB,https://www.colab.mit.edu/colabradio-more/romo-ep3,https://www.blm-map.com/,,,,,,2020,"GIS, podcasts",45054,Social Justice,0,0,0,0,0,0,0,1,0,1,1,0,"Black Lives Matter, Police misconduct, Racism",,
Datasets,Data Transparency Initiative,"""The Data Transparency Initiative presents descriptive data on four key areas of the Agency’s work: a) complaints, b) allegations, c) victims and alleged victims, and d) members of service. The data presented is not intended to suggest correlation or causality and is updated regularly.""","New York City, Civilian Complaint Review Board",https://www1.nyc.gov/site/ccrb/policy/data-transparency-initiative.page,,,The data is from the NYC CCRB,,"New York City, NY, USA",municipality,,,45054,Police Misconduct,0,0,0,0,0,0,0,0,0,0,1,0,"Law enforcement, Police performance, Police citizen interactions",,
Datasets,Democracy Remixed Memo Series,"""...focuses on the civic and political engagement of America’s youth, especially Black and Latino youth, and investigates their participation in electoral politics and how their unique life experiences shape their views toward politics.""","Black Youth Project, University of Chicago",http://blackyouthproject.com/,https://blackyouthproject.com/project/democracy-remixed-series/,,,,USA,,"Waves 1-4, 2012-2014",,45054,Youths,0,0,0,0,0,1,0,0,1,1,0,0,"African Americans, Hispanic or Latino Americans, Atttitudes, Politics",,
Datasets,Demographic Characteristics of Persons Vaccinated,"A series of reports titled: Demographic Characteristics of Persons Vaccinated During the First Month of the COVID-19 Vaccination Program — United States, December 14, 2020–January 14, 2021, Elizabeth M. Painter et al., Morbidity and Mortality Weekly Report (MMWR), February 5, 2021, 70(5);174–177",,https://www.cdc.gov/mmwr/volumes/70/wr/mm7005e1.htm?s_cid=mm7005e1_w,,,"Racism as obstacle to health equity https://www.cdc.gov/minorityhealth/; About: Race and ethnicity data missing for nearly half of coronavirus vaccine recipients, federal study finds, Akilah Johnson, Washington Post, Feb. 1, 2021, https://www.washingtonpost.com/health/2021/02/01/covid-vaccine-race-ethnicity-data/. About: Few states are accurately tracking coronavirus vaccinations by race. Some aren’t at all. Lola Fadulu, Dan Keating, Washington Post, Jan. 27, 2021, https://www.washingtonpost.com/local/social-issues/race-data-vaccine-states/2021/01/27/fc9df6de-6001-11eb-afbe-9a11a127d146_story.html",,USA,,Dec 2020-2021,,45054,Health,0,0,0,0,0,0,0,0,1,1,0,0,"Covid-19, Pandemic, Public Health, Racism",,
Project,Diversity Data,"Identifies metropolitan area indicators of diversity, opportunity, quality of life and health for various racial and ethnic population groups.","Housed at the Institute for Child, Youth and Family Policy at the Heller School for Social Policy and Management at Brandeis University.",http://diversitydata.org/,https://data.diversitydatakids.org/Datasets,,,,,,varies,,45054,Youths,0,0,0,0,0,0,0,0,1,0,0,0,"Families, Parents, Employment, Health, Education",,
Datasets,DocNow Tweet Catalog,"Collectively curated list of Twitter Datasets. Public Datasets are shared as Tweet IDs, which can be hydrated back into full Datasets using our Hydrator desktop application.",Document the Now,https://www.docnow.io/,https://catalog.docnow.io/,,https://news.docnow.io/the-catalog-and-the-hydrator-3299eddfe21e,,,,varies,Text,45054,Racism,0,0,0,0,0,0,0,0,0,1,0,0,"Politics, Natural Disasters, Health",,
Data Aggregator,Elections-Related Legislation Databases,"""NCSL's [National Conference of State Legislatures] Elections Legislation Database contains bills from all 50 states and the District of Columbia relating to the administration of elections. Bills are organized into more than 80 categories, and are searchable not only by topic but also by keyword, status, sponsor and bill number.  Bill status is updated bi-weekly.""",National Conference of State Legislatures,https://www.ncsl.org/research/elections-and-campaigns/elections-legislation-databases-description.aspx,,,,,USA,state,2001-present,,45054,Civil Rights,0,0,0,0,0,1,0,0,0,0,0,0,"Children, Environment, Health, Labor, Technology",,
Datasets,Fatal Encounters,"""We try to document all deaths that happen when police are present or that are caused by police: on-duty, off-duty, criminal, line-of-duty, local, federal, intentional, accidental–all of them.""",Fatal Encounters,https://fatalencounters.org/,,,,,USA,,2000-present,,45054,Police Misconduct,0,0,0,0,0,0,0,0,0,0,1,0,"Police Brutality, Arrests, Imprisonment, Death",,
Datasets,Federal Law Enforcement Agency Deaths in Custody Reporting Program (FDCRP),"""The Bureau of Justice Statistics (BJS) created the Federal Deaths in Custody Reporting Program (FDCRP) to collect the data required of federal law enforcement agencies. Federal law enforcement agencies are surveyed on an annual basis about deaths that fall under the scope of DICRA"" [Death in Custody Reporting Act of 2013].","U.S. Department of Justice, Bureau of Justice Statistics",https://www.bjs.gov/index.cfm?ty=dcdetail&iid=548,,,,,USA,,,,45054,Police Misconduct,0,0,0,0,0,0,0,0,0,0,1,0,"Death, Suicide, Arrest, Police Brutality, Homicide",,
Datasets,Freedom on the Move,"Database of fugitives from North American slavery, derived from ads placed in newspapers","created through a partnership between Cornell University, University of Alabama, University of New Orleans, University of Kentucky, Ohio State University.",https://freedomonthemove.org/,https://app.freedomonthemove.org/,,,,USA,,colonial period (through 1865?),,45054,Civil Rights,0,0,0,0,0,1,0,0,0,1,0,0,"Slaves, Freedom, Advertising, Newspapers",,
Project ,Fundamental Rights Agency for Europe (Datasets available through GESIS),They run surveys on violence and discrimination against minorities.,Fundamental Rights Agency for Europe,http://fra.europa.eu/en/about-fra,https://search.gesis.org/?type=research_data&study_group=Studien%20der%20European%20Union%20Agency%20for%20Fundamental%20Rights%20(FRA),,,,European Union,,2016-present,,45360,Racism,0,0,0,1,0,0,0,0,0,1,0,0,"Minorities, Ethnic Groups, Prejudice, Discrimination",,
Project ,GenForward,"""GenForward Survey project ... is a nationally representative bi-monthly survey of 18-36 year-olds that amplifies the voices of young adults, with oversamples of African American, Asian American, and Latinx young adults. In this section you can find a collection of our toplines, Datasets, codebooks, and field reports.""","Cathy J. Cohen, PI/Founder, housed at University of Chicago, related to the Black Youth Project",http://blackyouthproject.com/,https://genforwardsurvey.com/all-genforward-data/?ft=10,,,,USA,,2016-present,,45054,Youths,0,0,0,1,1,0,0,0,0,0,0,0,"Racism, Activisim, Protest demonstrations, Discrimination",,
Datasets,Hate Crime Statistics,"""Thousands of law enforcement agencies voluntarily submit data to the Uniform Crime Reporting Program’s (UCR) Hate Crime Statistics Program on crimes motivated by prejudice based on race, gender and gender identity, religion, disability, sexual orientations, or ethnicity. This effort, which includes data from city, county, college and university, state, tribal, and federal agencies, allows the law enforcement community to recognize and document hate crimes. The collection was created after Congress passed the Hate Crime Statistics Act in 1990.""","U.S. Department of Justice, Federal Bureau of Investigation",https://www.fbi.gov/services/cjis/ucr/hate-crime,,,,,USA,,1992 (1996?)-present,,45054,Hate Crimes,0,0,0,0,0,0,1,0,0,1,0,0,"Discrimination, Homophobia, Gender Stereotypes, White Supremacy, Religious Persecution, Disability Discrimination",,
Datasets,Concatenated Uniform Crime Reporting (UCR) Program Data: Hate Crime Data 1991-2018,Concatenated flat file of DoJ data above.,Jacob Kaplan,,https://www.openicpsr.org/openicpsr/project/103500/version/V6/view,,,,USA,,1991 - 2018,,45054,Hate Crimes,0,0,0,0,0,0,1,0,0,1,0,0,"Racism, Homophobia, Gender Sterotypes, White Supremacy, Religious Persecution, Disability Discrimination",,
Datasets,Home Mortgage Disclosure Act (HMDA),"""The Home Mortgage Disclosure Act (HMDA) requires many financial institutions to maintain, report, and publicly disclose loan-level information about mortgages. These data help show whether lenders are serving the housing needs of their communities; they give public officials information that helps them make decisions and policies; and they shed light on lending patterns that could be discriminatory.""",Federal Financial Institutions Examination Council (FFIEC) via Consumer Financial Protection Bureau (CFPB),https://www.consumerfinance.gov/data-research/hmda/,,,,,USA,,2007-present,,45054,Discrimination,0,0,0,0,0,0,0,0,0,1,0,0,"Home Ownership, Loans, Real Estate, Property,  Mortgages, Racism, Economics",,
Datasets,Housing Discrimination Against Racial and Ethnic Minorities 2012 ,"Beginning in the late 1970s, the Department of Housing and Urban Development (HUD) has rigorously monitored trends in racial and ethnic discrimination in both rental and sales markets approximately once each decade through a series of nationwide paired-testing studies. This summary report presents findings from the fourth such study, which applied paired-testing methodology in 28 metropolitan areas to measure the incidence and forms of discrimination experienced by black, Hispanic, and Asian renters and homebuyers.",US Dept of Housing & Urban Development,https://www.huduser.gov/portal/publications/fairhsg/hsg_discrimination_2012.html,https://www.huduser.gov/portal/Datasets/hsg_discrimination.html,,,,USA,municipality,2012,,45054,Discrimination,0,0,0,0,0,0,0,0,0,1,0,0,"Home Ownership, Loans, Real Estate, Property, Rental Housing, Racism, Economics",,
Data Journalism,How Black Lives Matter Reached Every Corner of America,"""The following places held protests in the two weeks from May 26 to June 9. The locations were compiled from local news reports and from lists by Count Love and Alex Smith, and they were confirmed using local news reports, photographs and videos.""",New York Times,https://www.nytimes.com/interactive/2020/06/13/us/george-floyd-protests-cities-photos.html,,,,,USA,,May 26 to June 9 2020,,45054,Social Justice ,0,0,0,0,0,0,0,1,0,0,0,0,"Black White relations, Police misconduct, African Americans, Black Lives Matter",,
Datasets,2020 Hate Group Map (with ideaology detail available),"""In 2020, we tracked 838 hate groups across the U.S.""  [Link to download data in sidebar at lower left.]",The Southern Poverty Law Center (SPLC),https://www.splcenter.org/hate-map,,,"from Data is plural: “Hate groups. For decades, the Southern Poverty Law Center has conducted annual censuses of US-based hate groups, which it defines as those with “beliefs or practices that attack or malign an entire class of people, typically for their immutable characteristics.” Its 2020 review found 838 such groups — a decline from prior years, which the researchers attribute to several factors, including the COVID-19 pandemic, the rise of difficult-to-track online networks, and “the continuing collapse of the Ku Klux Klan.” The center’s map of 2000–2020 findings links to annual spreadsheets that detail each group’s title, location, and ideology.”",,USA,state,2000-present,,45054,Hate Crimes,0,0,0,1,0,0,1,0,0,0,0,0,"Discrimination, Homophobia, Gender Sterotypes, Immigrants, White Supremacy, Religious Persecution, Disability Discrimination",,
Datasets,Incarceration Trends,"National Datasets including jails and prisons, national and county data, latest release Sept 2020 (ver 2.2)",Vera Institute of Justice,https://www.vera.org/blog/expanding-our-knowledge-on-local-incarceration-trends,https://github.com/vera-institute/incarceration-trends,,In Our Own Backyard: Confronting Growth and Disparities in American Jails (2015),,USA,,,,45054,Imprisonment,0,1,0,0,0,0,0,0,0,0,0,0,"Incarceration, Prisons, Life Sentences, Correctional Facilities, Inmates, Youths",,
Project,Jackson Heart Study,"A population-based longitudinal study based in Jackson, Mississippi. The JHS is the largest single-site, prospective, epidemiologic investigation of cardiovascular disease among African Americans ever undertaken. It is also the largest study in history to investigate the inherited (genetic) factors that affect high blood pressure, heart disease, strokes, diabetes and other important diseases in African Americans.","federally funded, 3 partner universities including Jackson State University, University of Mississippi Medical Center, and Tougaloo College",https://www.jacksonheartstudy.org/,,,"Initial results published 2005 vol.15 suppl 6 issue of Ethnicity & Disease Volume 15, Supplement 6 - The Jackson Heart Study: Study Methods and Initial Findings, https://www.ethndis.org/edonline/index.php/ethndis/pages/view/priorsuparchives additional publications available",,"Jackson, MS, USA",municipality,2000 - 2012,,45054,Health,0,0,0,0,0,0,0,0,1,0,0,0,"African Americans, Cardiovascular Disease, Renal Disease, Respiratory Dieases, Genetics Data",,
Project,Land Grab Universities,How the United States funded land-grant universities with expropriated Indigenous land. ,HighCountryNews,https://www.landgrabu.org/,Get the data on Github,,,"This database can be downloaded as CSV and shapefiles. It is licensed under the Open Database License and the Creative Commons Attribution-ShareAlike license.  If you re-publish this data or draw on it as a source for publication, cite as: Robert Lee, “Morrill Act of 1862 Indigenous Land Parcels Database,” High Country News, March 2020.",USA,state,,,45054,Indigenous Peoples,0,0,1,0,0,0,0,0,0,0,0,0,"Universities, Population Migration, Colonialism, Land ownership",,
Datasets,Law Enforcement Support Office Property Transferred to Participating Agencies,"Transfers of excess Department of Defense property to federal, state, and local law enforcement agencies within the United States and its Territories",Dept of Defense,,https://www.dla.mil/DispositionServices/Offers/Reutilization/LawEnforcement/PublicInformation/,,https://www.themarshallproject.org/2014/12/03/the-pentagon-finally-details-its-weapons-for-cops-giveaway,"Initial data release FY17, data not archived at this site",USA,,latest quarterly data release ,,45054,Police Misconduct,0,0,0,0,0,0,0,0,0,0,1,0,"Police equipment, Police safety, Police training, Police weapons, Assault weapons",,
Project,Library of Missing Datasets,"Mixed-media art installation.  The Library of Missing Datasets is a physical repository of those things that have been excluded in a society where so much is collected. ""Missing data sets"" are the blank spots that exist in spaces that are otherwise data-saturated. Wherever large amounts of data are collected, there are often empty spaces where no data live. The word ""missing"" is inherently normative. It implies both a lack and an ought: something does not exist, but it should. That which should be somewhere is not in its expected place; an established system is disrupted by distinct absence. That which we ignore reveals more than what we give our attention to. It’s in these things that we find cultural and colloquial hints of what is deemed important. Spots that we've left blank reveal our hidden social biases and indifferences.",Mimi Onuoha,https://mimionuoha.com/the-library-of-missing-Datasets,https://github.com/MimiOnuoha/missing-Datasets,,https://materialising-data.org/2020/06/19/mimi-onuoha-the-library-of-missing-Datasets/,,,,,,45054,Discrimination,0,0,0,1,0,0,0,0,0,1,0,0,"Civil Rights, Human Rights, Prejudice, Discrimination",,
Datasets,"Los Angeles County Social Survey, 1992 (LACSS) (ICPSR 36599)","The LACSS 1992 was conducted between February and July 1992. Los Angeles County residents were asked questions concerning ethnic relations, social dominance, social distance, immigration, affirmative action, employment, and government. (police officers were acquitted of the Rodney King beating on April 29, 1992)","Bobo, Lawrence",,ICPSR 36599,,,Restricted to ICPSR member institutions,"Los Angeles County, CA, USA",,1992,,45054,Police Misconduct,0,0,0,0,0,0,0,0,0,0,1,0,"Race Relations, Social Change, Immigration, Affirmative Action, Employment, Government",,
Datasets,Mapping George Floyd Black Lives Matter Protests,Alex Smith Alumnus from the MS-GIST Program 2015 is supporting the George Floyd or Black Lives Matter protests by highlighting their extent using Esri's ArcGIS Online.,University of Arizona,https://gis.arizona.edu/news/showing-it-matters-mapping-george-floyd-or-black-lives-matter-protests,https://www.creosotemaps.com/blm2020/json/,,,,"USA, Global","country, region, state, municipality","May 25, 2020 start, end date unclear",GIS,45054,Social Justice ,0,0,0,0,0,0,0,1,0,0,0,0,"African Americans, Black White Relations, Police Brutality, Black Lives Matter",,
Project,Mapping Inequality: Redlining in New Deal America,"Maps and area descriptions used by the Home Owners Loan Corporation (HOLC) that assigned grades to residential neighborhoods that reflected their ""mortgage security"".",,https://dsl.richmond.edu/panorama/redlining/#loc=5/39.1/-94.58,https://dsl.richmond.edu/panorama/redlining/#loc=5/39.1/-94.58&text=downloads,,Not Even Past: Social Vulnerability and the Legacy of Redlining,This work and its data are licensed under a Creative Commons Attribution-NonCommercial-ShareAlike 4.0 International License,USA,municipality,,,45054,Discrimination,0,0,0,1,0,0,0,0,0,0,0,0,"Home Ownership, Loans, Real Estate, Ethnic Discrimination",,
Data Journalism,Mapping Police Violence,"The Washington Post is compiling a database of every fatal shooting in the United States by a police officer in the line of duty since Jan. 1, 2015 including the race of the deceased, the circumstances of the shooting, whether the person was armed and whether the victim was experiencing a mental-health crisis",Washington Post,https://mappingpoliceviolence.org/,https://github.com/washingtonpost/data-police-shootings,,Fatal Force,,USA,,2015-present,,45054,Police Misconduct,0,0,0,0,0,0,0,0,0,0,1,0,"Police Use of Deadly Force, Police Brutality, Police Training",,
Project; Dataset,Mapping Prejudice: Visualizing the hidden histories of race and privilege in the built environment,"Collects and analyses covenants that reserved land for use by white people, encoding structural racism onto the landscape",John Borchert Map Library at the University of Minnesota.,https://mappingprejudice.umn.edu/,static maps made; online maps to view,,,,"Minnesota, USA",county,,"Text, Static Maps",45054,Discrimination,0,0,0,1,0,0,0,0,0,0,0,0,"Home Ownership, Loans, Real Estate, Property, Mortgages, Ethnic Discrimination",,
Datasets,Migration Research Data,Overview of migration related data available at GESIS - German Social Science Data Archive,GESIS - Leibniz Institute for the Social Sciences,https://search.gesis.org?thematic_collection=Migration%20und%20Integration,,,,varies,varies,,varies,,45391,Immigration,0,0,0,0,0,0,0,0,0,0,0,1,"Immigration Policy, Migrants, Refugees, Illegal Immigrants, Attitudes",,
Datasets,Minorities at Risk (MAR) Project,"""Tracks 284 politically-active ethnic groups throughout the world from 1945 to the present, in all countries with a current population of at least 500,000 -- identifying where they are, what they do, and what happens to them.""",University of Maryland's Center for International Development and Conflict Management,http://www.mar.umd.edu/,http://www.mar.umd.edu/mar_data.asp,http://www.mar.umd.edu/amar_project.asp,,"""The AMAR project was introduced in 2014 in order to addresses selection bias issues identified in the MAR Datasets.""",International,country,"""1945 to the present""",,45054,Discrimination,0,0,0,1,0,0,0,0,0,0,0,0,"Racism, Ethnic Groups, Race Relations, Intolerance ",,
Datasets,National Crime Victimization Survey (NCVS),"""Through the National Crime Victimization Survey, BJS collects information from victims, who are asked if they think hate played a role in the crime."" ""The Bureau of Justice Statistics' (BJS) National Crime Victimization Survey (NCVS) is the nation's primary source of information on criminal victimization. Each year, data are obtained from a nationally representative sample of about 240,000 interviews on criminal victimization, involving 160,000 unique persons in about 95,000 households. Persons are interviewed on the frequency, characteristics, and consequences of criminal victimization in the United States. The NCVS collects information on nonfatal personal crimes (i.e., rape or sexual assault, robbery, aggravated and simple assault, and personal larceny) and household property crimes (i.e., burglary/trespassing, motor vehicle theft, and other types of theft) both reported and not reported to police. Survey respondents provide information about themselves (e.g., age, sex, race and Hispanic origin, marital status, education level, and income) and whether they experienced a victimization. For each victimization incident, the NCVS collects information about the offender (e.g., age, race and Hispanic origin, sex, and victim-offender relationship), characteristics of the crime (e.g., time and place of occurrence, use of weapons, nature of injury, and economic consequences), whether the crime was reported to police, reasons the crime was or was not reported, and victim experiences with the criminal justice system.""","U.S. Department of Justice, Bureau of Justice Statistics",https://www.bjs.gov/index.cfm?ty=dcdetail&iid=245,,,,,USA,,1973-2021,,45054,Hate Crimes,0,0,0,0,0,0,1,0,0,0,1,0,"Victimization, Violence, Offenses, Nonviolent crime, Crime Rates, Violent Crime",,
Datasets,National Use-of-Force Data Collection,"""The FBI created the National Use of Force Data Collection in 2015, in partnership with law enforcement agencies, to provide nationwide statistics on law enforcement use-of-force incidents. The FBI began collecting this data from law enforcement agencies on January 1, 2019.""","U.S. Department of Justice, Federal Bureau of Investigation",https://www.fbi.gov/services/cjis/ucr/use-of-force,https://cde.ucr.cjis.gov/LATEST/webapp/#/pages/home,,,Public release of use-of-force data from the National Use-of-Force Data Collection based on the percent of agencies contributing data and is governed by federal regulations. The FBI releases initial data when 40% of the total law enforcement officer population was reached. Additional data is released at 60% and 80% participation levels.,USA,state,2011-present,,45054,Police Misconduct,0,0,0,0,0,0,0,0,0,0,0,0,"Police Use of Deadly Force, Police Brutality, Death, Injuries",,
Datasets,National Violent Death Reporting System (NVDRS),"""The National Violent Death Reporting System (NVDRS) links information about the 'who, when, where, and how' from data on violent deaths and provides insights about 'why' they occurred."" ""The NVDRS can provide data on deaths resulting from 'legal interventions.'"" CRS IF10572","Centers for Disease Control and Prevention, U.S. Department of Health & Human Services",https://www.cdc.gov/violenceprevention/datasources/nvdrs/index.html,,,,,USA,,"2002-present, all states since 2018",,45054,Health,0,0,0,0,0,0,1,0,1,0,0,0,"Suicide, Homicide, Violent Crime, Drug Overdose ",,
Project,Nix The Six,"""#NixThe6 is a project of Campaign Zero, a national platform of data-driven policy solutions to end police violence in America. The project focuses on six ways police unions obstruct, delay or defeat local efforts to hold police accountable and reimagine public safety."" ""Across the country, police unions have written contracts and laws that make it almost impossible to hold police accountable. We reviewed police union contracts in nearly 600 cities and ‘Police Bill of Rights’ laws in 21 states."" ""Campaign Zero launched The Police Union Contract Project in 2015, the first public database of police union contracts and police bill of rights laws; documenting the ways in which these contracts and laws make it harder to hold police accountable. Since then, we’ve worked with organizers in cities across the country to re-negotiate these contracts, challenge these laws, and repeal language that blocks police from being held accountable for misconduct. #NixThe6 expands upon this work by publishing new analyses of nearly 600 cities’ police union contracts, and encouraging specific policy and legislative actions to address these issues.""",Campaign Zero,https://nixthe6.org/,,,,,USA,"state, municipality",current,,45054,Police Misconduct,0,0,0,0,0,0,0,0,0,0,1,0,"Unions, Police Brutality, Labor Organizations",,
Datasets,NYPD Files,"""After New York state repealed a law that kept police disciplinary records secret, ProPublica sought records from the civilian board that investigates complaints by the public about New York City police officers. The board provided us with the closed cases of every active-duty police officer who had at least one substantiated allegation against them. The records span decades, from September 1985 to January 2020. We have created a database of complaints that can be searched by name or browsed by precinct or nature of the allegations.""",ProPublica,https://projects.propublica.org/nypd-ccrb/,,,"The data is from the NYC CCRB; from Data is plural: “NYPD officer misconduct. ProPublica has published a Datasets of more than 12,000 civilian complaints against nearly 4,000 NYPD officers. The reporters obtained the data through a freedom-of-information request to New York City’s Civilian Complaint Review Board, after state lawmakers overturned a decades-old statute that had shielded the records. ProPublica’s database “lists the name of each officer, the race of the complainant and the officer, a category describing the alleged misconduct, and whether the CCRB concluded the officers’ conduct violated NYPD rules.” Related: In 2018, my colleagues Kendall Taggart and Mike Hayes obtained thousands of NYPD disciplinary records from a source who requested anonymity — giving the public access to this closely-guarded information for the first time and demonstrating how the department had let hundreds of officers keep their jobs after committing fireable offenses. (Soon after, the NYPD announced an independent panel to review its disciplinary program.) [h/t Jan Willem Tulp + Ed Vine]”",,"New York City, NY, USA",municipality,September 1985-January 2020,,45054,Police Misconduct,0,0,0,0,0,0,0,0,0,0,1,0,"Citizen Grievances, Police Use of Force, Police Harrassment",,
Datasets,NYPD Member of Service Histories (part of Data Transparency Initiative),"""This database allows users to view the record of NYPD misconduct allegations. Click a row to see the officer's allegation history, including the CCRB's [New York City's Civilian Complaint Review Board] disposition, the NYPD's disposition, and the penalty ultimately imposed (if applicable). The CCRB can recommend a level of police discipline, with the Police Commissioner retaining final authority over disciplinary decisions.""","New York City, Civilian Complaint Review Board",https://www1.nyc.gov/site/ccrb/policy/MOS-records.page,,,"The data is from the NYC CCRB; “N.Y.P.D. Releases Secret Misconduct Records After Repeal of Shield Law”, New York Times, https://www.nytimes.com/2021/03/08/nyregion/nypd-discipline-records.html","“N.Y.P.D. Releases Secret Misconduct Records After Repeal of Shield Law”, New York Times, https://www.nytimes.com/2021/03/08/nyregion/nypd-discipline-records.html","New York City, NY, USA",municipality,2000-present,,45054,Police Misconduct ,0,0,0,0,0,0,0,0,0,0,1,0,"Police Citizen Interactions, Citizen Grievances, Police Use of Force, Victim Rights",,
Data Aggregator,Opportunity Atlas,"The Opportunity Atlas answers the question, ""Which neighborhoods in America offer children the best chance to rise out of poverty?""  Now you can trace the roots of today's affluence and poverty back to the neighborhoods where people grew up using anonymous data that follow 20million Americans from childhood to mid-30s.",,https://www.opportunityatlas.org/,https://opportunityinsights.org/data/?geographic_level=0&topic=0&paper_id=1652#resource-listing,,,,USA,municipality,,,45054,Economics,1,0,0,0,0,0,0,0,0,0,0,0,"Neighborhood Characteristics, Child development, Economic Change, Income",,
Data Journalism,Police Misconduct Settlements,"""Cities Spend Millions On Police Misconduct Every Year. Here’s Why It’s So Difficult to Hold Departments Accountable""",FiveThirtyEight and The Marshall Project ,https://fivethirtyeight.com/features/police-misconduct-costs-cities-millions-every-year-but-thats-where-the-accountability-ends/,https://github.com/fivethirtyeight/police-settlements,words of caution,https://fivethirtyeight.com/features/police-misconduct-costs-cities-millions-every-year-but-thats-where-the-accountability-ends/,comparisons between cities discouraged,USA,municipality,2010–2019,,45054,Police Misconduct ,0,0,0,0,0,1,0,0,0,0,1,0,"Victim Compensation, Victim Rights, Police Citizen Interaction, Civil Rights",,
Project,Police Scorecard,"""The Police Scorecard is the first nationwide public evaluation of policing in the United States. The Scorecard calculates levels of police violence, accountability, racial bias and other policing outcomes for over 16,000 municipal and county law enforcement agencies, covering nearly 100% of the US population. The indicators included in this scorecard were selected based on a review of the research literature, input from activists and experts in the field, and a review of publicly available Datasets on policing from federal, state, and local agencies. This project is designed to help communities, researchers, police leaders and policy-makers take data-informed action to reduce police use of force, increase accountability and reimagine public safety in their jurisdictions.""","""built by Samuel Sinyangwe and a team [...]""",https://policescorecard.org/,https://drive.google.com/drive/folders/1XAT1uFPXj5AsvNTzFeNeeTXGLP09HEIh,,,,USA,municipality,,,45054,Police Misconduct,0,0,0,1,0,0,0,0,0,1,1,0,"Police Use of Force, Prejudice, Discrimination, Racism, Policies and Procedures",,
Datasets,Police-Public Contact Survey (PPCS),"""Provides detailed information on the characteristics of persons who had some type of contact with police during the year, including those who contacted the police to report a crime or were pulled over in a traffic stop. The PPCS interviews a nationally representative sample of residents age 16 or older as a supplement to the National Crime Victimization Survey (NCVS). The survey enables BJS to examine the perceptions of police behavior and response during these encounters.""","U.S. Department of Justice, Bureau of Justice Statistics", https://bjs.ojp.gov/data-collection/police-public-contact-survey-ppcs,,,,,USA,,1996-present,,45054,Police Misconduct,0,0,0,0,0,0,0,0,0,0,1,0,"Citizen Crime Reporting, Police Response",,
Project,Program for Research on Black Americans (PRBA),"PRBA seeks to collect, analyze, and interpret empirical data on African Americans in the United States, as well as international data on people of African descent. A second important goal is to provide research and training opportunities, especially for social scientists and students of color. five thematic areas: Discrimination & Racism; Physical & Mental Health Disparities; Aging & Human Development; Politics & Political Participation; Identity & Migration",University of Michigan,https://prba.isr.umich.edu/  ,Data archived at ICPSR,,https://prba.isr.umich.edu/publications/,,USA,,1976-present,,45054,Racism,0,0,0,0,0,0,0,0,0,0,0,0,"African Americans, Discrimination, Health Disparities, Aging, Political Participation, Youths",,
Data Journalism,"ProPublica ""Racial Justice""","""...an independent, nonprofit newsroom that produces investigative journalism with moral force.""",,https://www.propublica.org/topics/racial-justice,,,,,International,,varies,,45054,Racism,0,0,0,1,1,1,0,1,0,1,0,0,"Discrimination, Social Justice, Civil Rights, Education",,
Datasets,Research on Early Life and Aging Trends and Effects (RELATE): A Cross-National Study (ICPSR study #34241),"Although ICPSR is a member-supported organization, this cross-national study is open access.",Mary McEniry,,http://www.icpsr.umich.edu/icpsrweb/DSDR/studies/34241,,,none,International,,1996-2008 ,,45054,Youths,0,0,0,0,1,0,0,0,0,0,0,0,"Health, Early Life Conditions, Aging, Heart Disease, Obesity, Diabetes",,
Datasets,Replication Data for: Black Lives Matter: Evidence that Police- Caused Deaths Predict Protest Activity,Black Lives Matter protests that took place in 2014–2015,"Trump, Kris-Stella; Williamson, Vanessa; Einstein, Katherine Levine,",,https://doi.org/10.7910/DVN/L2GSK6,,"Perspectives on Politics, 2018, 16(2), jpp 400-416.  https://www.cambridge.org/core/services/aop-cambridge-core/content/view/BFA2E74F4BCB25C3C222807E8B1111D4/S1537592717004273a.pdf/black_lives_matter_evidence_that_policecaused_deaths_predict_protest_activity.pdf",,USA,,2014–2015,,45054,Social Justice ,0,0,0,0,0,0,0,1,0,0,0,0,"Black Lives Matter, Political Participation, Social Activism",,
Project,Report to the Nation: Anti-Asian Prejudice & Hate Crime,"Anti-Asian hate crime reported to police in 16 of America’s largest cities and counties, rose 164%, from 36 to 95, in the first quarter of 2021 in comparison to the first quarter of 2020, according to an analysis of official preliminary data by the Center for the Study of Hate & Extremism (CSHE) at California State University, San Bernardino. Data is available for selected U.S. cities and counties, selected Canadian cities.","Center for the Study of Hate and Extremism, California State University - San Bernardino",https://www.csusb.edu/hate-and-extremism-center/data-reports,https://www.csusb.edu/sites/default/files/Report%20to%20the%20Nation%20-%20Anti-Asian%20Hate%202020%20Final%20Draft%20-%20As%20of%20Apr%2030%202021%206%20PM%20corrected.pdf,,,,"USA, Canada","county, municipality",2020-2021,,45054,Racism,0,0,0,1,0,0,1,0,0,1,0,0,"Asian Americans, Hate Crimes, Victimization, Discrimination",,
Datasets,NACJD: Annual Survey of Jails in Indian Country Series,Archive,ICPSR,https://www.icpsr.umich.edu/web/NACJD/series/158,,,each Datasets has related publications,,USA,,varies,,45054,Imprisonment,0,1,1,0,0,0,0,0,0,0,0,0,"Jail Inmates, Youths, Detention, Native Americans, Indigenous Peoples",,
Datasets,Resource Center for Minority Data,Archive,ICPSR,https://www.icpsr.umich.edu/web/pages/RCMD/index.html,https://www.icpsr.umich.edu/web/pages/RCMD/anti-racism/,,each Datasets has related publications,,varies,,varies,,45054,Discrimination,0,0,0,1,0,0,0,0,0,1,0,0,"Health, Poverty, Income , Racism",,
Datasets,"Roper Center's surveys specifically of Black Americans from 1945 to 2020 (openly available, but by request)","As we reflect on racism and anti-racism, the Roper Center has identified and is making available all public opinion surveys of Black Americans in the Roper data archive. We highlight these surveys of Black Americans, which span from 1945 to 2020, in order to remember and amplify the voices of these individuals. We are also making more than eight decades of public opinion data on how the U.S. public views Black America available. These data provide historical insight into how racial attitudes have changed in the United States and how the public currently views topics such as police brutality, race relations, and Black Lives Matter. We are making all of the data, which can be accessed below, freely available to the public. If you are not a Roper Center member, contact Data Services to request access.",Roper Center,https://ropercenter.cornell.edu/black-lives-matter,,,,Available in perpetuity,varies,,1945-2000,,45054,Racism,0,0,0,0,0,0,0,0,0,1,1,0,"African Americans, Racial Attitudes, Public Opinion, Police Misconduct, Social Movements",,
Datasets,"Second European Union Minorities and Discrimination Survey (EU-MIDIS II), 2016","Survey of ethnic minority adults about discrimination, rights awareness","European Union Agency for Fundamental Rights (FRA), Vienna, Austria",http://fra.europa.eu/en/publication/2017/second-european-union-minorities-and-discrimination-survey-main-results,https://doi.org/10.4232/1.13514,,,No restrictions,European Union,country,2015/16,,45054,Discrimination,1,0,0,1,0,0,0,0,0,0,1,0,"Ethnic groups, Minorities, Discrimination, Immigrants, Victimization",,
Project,Segregated in the Heartland: An Investigative Series,This data is part of a series on segregation in Illinois that resulted from a six-month Governing investigation.,Governing,https://www.governing.com/archive/gov-segregation-series.html,https://www.governing.com/archive/illinois-residential-segregation-data-trends-for-metro-areas.html,https://www.governing.com/archive/segregation-report-methodology.html,,,"Illinois, USA",metropolitan area,2013-2017,,45054,Discrimination,0,0,0,1,0,0,0,0,0,1,0,0,"Racial Segregation, Racism, Population Characteristics, Housing",,
Project,Sentencing Project,"""The Sentencing Project promotes effective and humane responses to crime that minimize imprisonment and criminalization of youth and adults by promoting racial, ethnic, economic, and gender justice.""",The Sentencing Project,https://www.sentencingproject.org/,https://www.sentencingproject.org/the-facts/#map,,https://www.sentencingproject.org/,,USA,state,1980+,,45054,Imprisonment,0,1,0,0,0,0,0,0,0,1,1,0,"Correctional Facilities, Sentencing, Criminal Justice System, Racism, Youths",,
Datasets,Stanford Open Policing Project,"Data compilation for vehicle and pedestrian traffic stops conducted by police, selected states/cities/local areas",Stanford Computational Journalism Lab and the Stanford Computational Policy Lab,https://openpolicing.stanford.edu/,https://openpolicing.stanford.edu/data/,"Readme file provides reasons for variations of available data fields. The original, unprocessed data we collected contain even more information. We do not document the raw data, but we do provide any documentation we received. Please contact us to access the original records.",,,USA,municipality,1990s to present.,,45054,Police Misconduct,0,0,0,1,0,0,0,0,0,1,1,0,"Arrests, Racism, Discrimination, Police Performance, Vehicles",,
Project,State Voting Bills Tracker 2021,"""a list of the restrictive and expansive bills that we are tracking to date""",Brennan Center for Justice at NYU Law,https://www.brennancenter.org/our-work/research-reports/state-voting-bills-tracker-2021,,,,,USA,state,2021,Text,45054,Civil Rights,0,0,0,0,0,1,0,0,0,0,0,0,"Voting Rights, Election Law, Elections, Legislation ",,
Project,"Statements Made by Top Tech Companies on Racial Justice, BLM, and George Floyd","Our stories move beyond popular deficit narratives to show the substantive ways that Black people are affected by and engaged with the innovation economy, including analyses of modern technologies, how and by whom they are developed, and the structures and cultures of related ecosystems. Launched in 2016 as the first daily tech newsletter, The Plug curated the top news of Black founders and innovators. Today, we investigate and report on Black tech trends, stories, and breaking news, and we do it with the analysis you won’t find elsewhere.",The Plug,https://tpinsights.com/,https://docs.google.com/spreadsheets/d/1OZx-_tm3PPyx6-ZJAST1xxOJRfn7KfYDjDT6JedrTfs/edit#gid=0,,"from Data is plural: “Tech’s BLM statements. The Plug, a news site that focuses on the Black innovation economy, has been assembling a Datasets of statements made by tech companies on racial justice, Black Lives Matter, and George Floyd. The Datasets links to more than 200 statements so far and includes each company’s name, the timing of the statement, and other relevant context, such as the URL of their most recent diversity report and the percentage of employees and/or leaders who identify as Black. [h/t Sherrell Dorsey]”",,,,2020,,45054,Social Justice ,0,0,0,0,0,0,0,1,0,0,0,0,"Businesses, Public Relations, Black Lives Matter, Race Relations",,
Datasets,Survey on Discrimination and Hate Crime against Jews in the EU 2018,The survey provides comparable data on the perceived extent and nature of antisemitism across a number of selected EU Member States,"European Union Agency for Fundamental Rights (FRA), Vienna, Austria",https://fra.europa.eu/en/publication/2018/experiences-and-perceptions-antisemitism-second-survey-discrimination-and-hate,https://doi.org/10.4232/1.13264,,,User contract by request,European Union,country,2018,,45054,Hate Crimes,0,0,0,1,0,0,1,0,0,1,0,0,"Discrimination, Jewish Peoples, Muslims, Victimization, Racism",,
Data Journalism,"Swelling Anti-Asian Violence: Who Is Being Attacked Where, Weiyi Cai, Audra D. S. Burch, Jugal K. Patel, New York Times, April 3, 2021","""Using media reports from across the country, The Times found more than 110 episodes since March 2020 in which there was clear evidence of race-based hate."" Includes short descriptions of episodes and links to the original media report.",New York Times,https://www.nytimes.com/interactive/2021/04/03/us/anti-asian-attacks.html,,,"Asian-Americans Are Being Attacked. Why Are Hate Crime Charges So Rare?, Nicole Hong, Jonah E. Bromwich, New York Times, Published March 18, 2021, Updated May 5, 2021, https://www.nytimes.com/2021/03/18/nyregion/asian-hate-crimes.html",,USA,municipality,varies,"Text, Images",45054,Racism,0,0,0,1,0,0,1,0,0,1,0,0,"Discrimination, Hate Crimes, Asian Americans, Violence, Covid-19 ",,
Datasets,"United States National Lynching Data, 1883-1941. Catalog no. 2833. ","These data extend existing data on lynching victims to cover the 48 contiguous United States from 1883 to 1941. The data cover 38 states not included in Tolney and Beck's (1995) original data, as well as 3 additional victims in the 10 states covered by Tolney and Beck. The authors confirmed 1,319 victims from previous  data and found 15 additional victims not recorded in any prior data set.","Hosted at Cornell CISER.  Seguin, Charles, and Rigby, David.",,https://archive.ciser.cornell.edu/studies/2833,,,,USA,state,1883-1941,,45054,Social Justice,0,0,0,1,0,0,1,1,0,1,0,0,"Racism, Racial Discrimination, Hate Crimes, Violence, African Americans, Lynching",,
Datasets,Washington Post Police Shootings data (on GitHub),"The Washington Post is compiling a database of every fatal shooting in the United States by a police officer in the line of duty since Jan. 1, 2015. Data includes race of victim, whether the person was armed or was experiencing a mental health crisis.  Data is manually culled from local news reports, collecting information from law enforcement websites and social media, and monitoring independent databases such as Fatal Encounters and the now-defunct Killed by Police project. ",Washington Post,https://www.washingtonpost.com/graphics/investigations/police-shootings-database/,https://t.co/MDvDyGzfjx?amp=1,,,,USA,"state, municipality",2015 - present,,45054,Police Misconduct,0,0,0,0,0,0,0,0,0,0,1,0,"Police Violence, Police Shootings, Mental Illness, Race",,
Datasets,On The Books: Jim Crow and Algorithms of Resistance,"""A text mining project with the goal of discovering Jim Crow and racially-based legislation signed into law in North Carolina between Reconstruction and the Civil Rights Movement (1866-1967)."" The project created text corpora (structured textual Datasets) of all North Carolina session laws from 1866-1967 (in plain text or XML), and one of all laws during the period that were identified as those likely to be Jim Crow laws (as individual plain text files, a single plain text file, or XML  formats). OCR output was split into chapters and sections so individual laws (sections) could be classified. Metadata were created for each volume, chapter, and section, adding value to the data set and allowing it to be used in new ways (like our searchable laws database).",University of North Carolina at Chapel Hill Libraries,https://onthebooks.lib.unc.edu/,,,,,"North Carolina, USA",state,1866-1967,Text data (primary laws),45054,Discrimination,0,0,0,1,0,0,0,0,0,1,0,0,"Legislation, Racism, Reconstruction, American Civil War, African Americans",,
Data Aggregator,Data on Racialized & Indigenous Populations in Canada,"This guide consists of a curated list of Datasets that include ethnicity and race variables which can be used to facilitate anti-racism research in Canada. Although not comprehensive, the intention is to provide a starting point for researchers investigating topics about anti-racism and the impact of racism.",Ontario Data Community Racialized Data Guide Working Group,,https://learn.scholarsportal.info/featured/data-on-racialized-populations/,,,,Canada,,varies,,45054,Indigenous Peoples,0,0,0,0,0,0,0,0,0,0,0,0,"Race, Ethnic Groups, Minorities ",,
Datasets,My Community Explorer,"""This Dashboard provides selected demographic, business, and resilience information to help users identify potentially underserved areas of their State, Counties, and communities. The data are presented in maps, interactive dashboards, and tables."" Data from the American Community Survey, County Business Patterns, Nonemployer Statistics, and Community Resilience Estimates.",U.S. Census Bureau,,https://experience.arcgis.com/experience/13a111e06ad242fba0fb62f25199c7dd/page/Page-1/,,,,USA,"country, state, municipality, community",fairly current,GIS,45054,Social Justice,0,0,0,0,0,0,0,1,0,0,0,0,"Race, Ethnicity, Communities, Neighborhoods, Economics, Business ",,
Datasets,GIS for Racial Equity,"""Esri’s Racial Equity GIS Hub is an ongoing, continuously expanding resource hub to assist organizations working to address racial inequities. The Racial Equity GIS Hub includes data layers, maps, applications, training resources, articles on best practices, solutions, and examples of how Esri users from around the world are leveraging GIS to address racial inequities.""",ESRI,https://gis-for-racialequity.hub.arcgis.com/#data-racialequity,https://gis-for-racialequity.hub.arcgis.com/,,,,USA,,varies,GIS,45054,Social Justice,0,0,0,1,0,1,0,1,1,0,0,0,"Civil Rights, Health, Racism, Indigeneous peoples, Housing, Environment, Health, Discrimination, Climate and Environmental Justice, Communities, Education, Economics, Philanthropy, Reparations, Voting, Infrastructure (water, transporation), Labor force",,
Data Aggregator,The Data Equity Hub,"""Data anyone can use to make an impact in their community and our nation.""",PolicyLink,https://www.policylink.org/our-work,https://www.tableau.com/foundation/data-equity,,,I cannot tell what Datasets are available requires creating AWS account to download data,USA,,varies,,45054,Social Justice,0,0,0,1,0,0,0,1,0,1,0,0,"Discrimination, Racism, Communities",,
Datasets,Center for Indian Country Development,"Includes Native American Labor Market Dashboard, Native American Financial Institutions Maps, Reservation Profiles",Federal Reserve Bank of Minneapolis,https://www.minneapolisfed.org/indiancountry,https://www.minneapolisfed.org/indiancountry/resources,,,,USA,,varies,GIS,45054,Indigenous Peoples,0,0,1,0,0,0,0,0,0,0,0,0,"Civil Rights, Race, Ethnicity, Indigeneous peoples, Housing, Home Ownership, Environment, Health, Racism, Discrimination, Climate and Environmental Justice, Communities, Neighborhoods, Education, Economics, Criminal Justice, Elections, Philanhtropy, Reparations, Voting, Infrastructure (water, transporation), Labor force",,
Datasets,NYPD Misconduct Complaint Database,"The data is from the NYC CCRB. The updated database includes information on the race or ethnicity of the impacted person and officer, incident location, current employment status of the officer, and other data. The CCRB’s original data set also contained duplicate entries and a number of entries with many missing values. It is available on Github.",NYCLU (ACLU of New York),https://www.nyclu.org/en/campaigns/nypd-misconduct-database,https://www.nyclu.org/en/campaigns/nypd-misconduct-database,,,,"New York City, NY, USA",municipality,(UNCLEAR),,45054,Police Misconduct,0,0,0,0,0,0,0,0,0,0,1,0,"Police, Police citizen interactions, Police Violence, Police Brutality, Race",,
Datasets,Prison Policy Initiative: Race and ethnicity,"""Below, we've curated a list of virtually all the research about race and the U.S. criminal justice system that is available online.""",Prison Policy Initiative,https://www.prisonpolicy.org/,https://www.prisonpolicy.org/research/race_and_ethnicity/,,,,USA,,varies,,45054,Police Misconduct,0,0,0,0,0,0,0,0,0,0,1,0,"Police Violence, Racism, Hate Crimes, Prisons, Imprisonment, Youths, Sentencing, Parole, Imprisonment",,
Datasets,Police Data Initiative,"""This site provides a consolidated and interactive listing of open and soon-to-be-opened data sets that more than 120 local law enforcement agencies have identified as important to their communities, and provides critical and timely resources, including technical guidance and best practices, success stories, how-to articles and links to related efforts.""","Police Data Initiative, also links to National Policiing Institute",,https://www.policedatainitiative.org/,,,,USA,municipality,,,45054,Police Misconduct,0,0,0,0,0,0,0,0,0,0,1,0,"Death, Suicide, Arrests, Police Brutality, Homicide",,
Datasets,Mapping Police Violence,"""We believe the data represented on this site is the most comprehensive accounting of people killed by police since 2013.""","Mapping Police Violence, Inc.",,https://mappingpoliceviolence.us/,,,,USA,municipality,,,45054,Police Misconduct,0,0,0,0,0,0,0,0,0,0,1,0,"Police Misconduct, Police Shootings, Mental Illness, Race, Police Violence, Police Brutality",,
Datasets,"“Effects of Land Dispossession and Forced Migration on Indigenous Peoples in North America.” Science 374, no. 6567 (29 Oct 2021)","""A new comprehensive Datasets of land dispossession and forced migration for the vast majority of Indigenous peoples in the area currently called the contiguous United States.""","Farrell, Justin, Paul Berne Burow, Kathryn McConnell, Jude Bayham, Kyle Whyte, and Gal Koss",,https://osf.io/3cfum/,,https://www.nativelandresearch.org/publications,,North America,region,,GIS,45054,Indigenous Peoples,0,0,1,0,0,0,0,0,0,0,0,0,"Social Justice, Forced migration, Land dispossession, Climate change",,
Datasets,"""The German Victimization Survey - Cumulation 2012-2017""","""Dark field survey conducted on behalf of the Federal Criminal Police Office (BKA) with the aim of collecting comprehensive information on the topics of fear of crime, victim experiences and reporting behaviour in the Federal Republic of Germany.""",German Federal Criminal Police Office (BKA),,https://doi.org/10.4232/1.13672,,,,Germany,state,2012 - 2017,,45054,Police Misconduct,0,0,0,0,0,0,0,0,0,0,1,0,"Police Use of Force, Prejudice, Discrimination, Racism, Policies and Procedures, Law Enforcement",,
Data Journalism,How Has Gun Violence Changed in Your Neighborhood?,"The data shows fatal shootings in several large cities in the United States, from 2016-2019, and 2020-2023 in map form. It includes the number of shootings, the change from one time period to the next, and the racial makeup of the areas where the shootings have taken place.",The New York Times,https://www.nytimes.com/interactive/2024/05/14/us/gun-homicides-map.html,https://www.gunviolencearchive.org/,,,,USA,"state, municipality",2016-2023,Numeric,45467,Social Justice,0,0,0,0,0,0,0,1,0,0,0,0,"Gun violence, Shootings, Mass shootings, Violence, Injuries, Home invasions, Deaths",,
,,,,,,,,,,,,,,,,,,,,,,,,,,,,,
,,,,,,,,,,,,,,,,,,,,,,,,,,,,,
,,,,,,,,,,,,,,,,,,,,,,,,,,,,,
,,,,,,,,,,,,,,,,,,,,,,,,,,,,,
,,,,,,,,,,,,,,,,,,,,,,,,,,,,,
,,,,,,,,,,,,,,,,,,,,,,,,,,,,,
,,,,,,,,,,,,,,,,,,,,,,,,,,,,,
,,,,,,,,,,,,,,,,,,,,,,,,,,,,,
,,,,,,,,,,,,,,,,,,,,,,,,,,,,,
,,,,,,,,,,,,,,,,,,,,,,,,,,,,,
,,,,,,,,,,,,,,,,,,,,,,,,,,,,,
,,,,,,,,,,,,,,,,,,,,,,,,,,,,,
,,,,,,,,,,,,,,,,,,,,,,,,,,,,,
,,,,,,,,,,,,,,,,,,,,,,,,,,,,,
,,,,,,,,,,,,,,,,,,,,,,,,,,,,,
,,,,,,,,,,,,,,,,,,,,,,,,,,,,,
,,,,,,,,,,,,,,,,,,,,,,,,,,,,,
,,,,,,,,,,,,,,,,,,,,,,,,,,,,,
,,,,,,,,,,,,,,,,,,,,,,,,,,,,,
,,,,,,,,,,,,,,,,,,,,,,,,,,,,,
,,,,,,,,,,,,,,,,,,,,,,,,,,,,,
,,,,,,,,,,,,,,,,,,,,,,,,,,,,,
,,,,,,,,,,,,,,,,,,,,,,,,,,,,,
,,,,,,,,,,,,,,,,,,,,,,,,,,,,,
,,,,,,,,,,,,,,,,,,,,,,,,,,,,,
,,,,,,,,,,,,,,,,,,,,,,,,,,,,,
,,,,,,,,,,,,,,,,,,,,,,,,,,,,,
,,,,,,,,,,,,,,,,,,,,,,,,,,,,,
,,,,,,,,,,,,,,,,,,,,,,,,,,,,,
,,,,,,,,,,,,,,,,,,,,,,,,,,,,,
,,,,,,,,,,,,,,,,,,,,,,,,,,,,,
,,,,,,,,,,,,,,,,,,,,,,,,,,,,,
,,,,,,,,,,,,,,,,,,,,,,,,,,,,,
,,,,,,,,,,,,,,,,,,,,,,,,,,,,,
,,,,,,,,,,,,,,,,,,,,,,,,,,,,,
,,,,,,,,,,,,,,,,,,,,,,,,,,,,,
,,,,,,,,,,,,,,,,,,,,,,,,,,,,,
,,,,,,,,,,,,,,,,,,,,,,,,,,,,,
,,,,,,,,,,,,,,,,,,,,,,,,,,,,,
,,,,,,,,,,,,,,,,,,,,,,,,,,,,,
,,,,,,,,,,,,,,,,,,,,,,,,,,,,,
,,,,,,,,,,,,,,,,,,,,,,,,,,,,,
,,,,,,,,,,,,,,,,,,,,,,,,,,,,,
,,,,,,,,,,,,,,,,,,,,,,,,,,,,,
,,,,,,,,,,,,,,,,,,,,,,,,,,,,,
,,,,,,,,,,,,,,,,,,,,,,,,,,,,,
,,,,,,,,,,,,,,,,,,,,,,,,,,,,,
,,,,,,,,,,,,,,,,,,,,,,,,,,,,,
,,,,,,,,,,,,,,,,,,,,,,,,,,,,,
,,,,,,,,,,,,,,,,,,,,,,,,,,,,,
,,,,,,,,,,,,,,,,,,,,,,,,,,,,,
,,,,,,,,,,,,,,,,,,,,,,,,,,,,,
,,,,,,,,,,,,,,,,,,,,,,,,,,,,,
,,,,,,,,,,,,,,,,,,,,,,,,,,,,,
,,,,,,,,,,,,,,,,,,,,,,,,,,,,,
,,,,,,,,,,,,,,,,,,,,,,,,,,,,,
,,,,,,,,,,,,,,,,,,,,,,,,,,,,,
,,,,,,,,,,,,,,,,,,,,,,,,,,,,,
,,,,,,,,,,,,,,,,,,,,,,,,,,,,,
,,,,,,,,,,,,,,,,,,,,,,,,,,,,,
,,,,,,,,,,,,,,,,,,,,,,,,,,,,,
,,,,,,,,,,,,,,,,,,,,,,,,,,,,,
,,,,,,,,,,,,,,,,,,,,,,,,,,,,,
,,,,,,,,,,,,,,,,,,,,,,,,,,,,,
,,,,,,,,,,,,,,,,,,,,,,,,,,,,,
,,,,,,,,,,,,,,,,,,,,,,,,,,,,,
,,,,,,,,,,,,,,,,,,,,,,,,,,,,,
,,,,,,,,,,,,,,,,,,,,,,,,,,,,,
,,,,,,,,,,,,,,,,,,,,,,,,,,,,,
,,,,,,,,,,,,,,,,,,,,,,,,,,,,,
,,,,,,,,,,,,,,,,,,,,,,,,,,,,,
,,,,,,,,,,,,,,,,,,,,,,,,,,,,,
,,,,,,,,,,,,,,,,,,,,,,,,,,,,,
,,,,,,,,,,,,,,,,,,,,,,,,,,,,,
,,,,,,,,,,,,,,,,,,,,,,,,,,,,,
,,,,,,,,,,,,,,,,,,,,,,,,,,,,,
,,,,,,,,,,,,,,,,,,,,,,,,,,,,,
,,,,,,,,,,,,,,,,,,,,,,,,,,,,,
,,,,,,,,,,,,,,,,,,,,,,,,,,,,,
,,,,,,,,,,,,,,,,,,,,,,,,,,,,,
,,,,,,,,,,,,,,,,,,,,,,,,,,,,,
,,,,,,,,,,,,,,,,,,,,,,,,,,,,,
,,,,,,,,,,,,,,,,,,,,,,,,,,,,,
,,,,,,,,,,,,,,,,,,,,,,,,,,,,,
,,,,,,,,,,,,,,,,,,,,,,,,,,,,,
,,,,,,,,,,,,,,,,,,,,,,,,,,,,,
,,,,,,,,,,,,,,,,,,,,,,,,,,,,,
,,,,,,,,,,,,,,,,,,,,,,,,,,,,,
,,,,,,,,,,,,,,,,,,,,,,,,,,,,,
,,,,,,,,,,,,,,,,,,,,,,,,,,,,,
,,,,,,,,,,,,,,,,,,,,,,,,,,,,,
,,,,,,,,,,,,,,,,,,,,,,,,,,,,,
,,,,,,,,,,,,,,,,,,,,,,,,,,,,,
,,,,,,,,,,,,,,,,,,,,,,,,,,,,,
,,,,,,,,,,,,,,,,,,,,,,,,,,,,,
,,,,,,,,,,,,,,,,,,,,,,,,,,,,,
,,,,,,,,,,,,,,,,,,,,,,,,,,,,,
,,,,,,,,,,,,,,,,,,,,,,,,,,,,,
,,,,,,,,,,,,,,,,,,,,,,,,,,,,,
,,,,,,,,,,,,,,,,,,,,,,,,,,,,,
,,,,,,,,,,,,,,,,,,,,,,,,,,,,,
,,,,,,,,,,,,,,,,,,,,,,,,,,,,,
,,,,,,,,,,,,,,,,,,,,,,,,,,,,,
,,,,,,,,,,,,,,,,,,,,,,,,,,,,,
,,,,,,,,,,,,,,,,,,,,,,,,,,,,,
,,,,,,,,,,,,,,,,,,,,,,,,,,,,,
,,,,,,,,,,,,,,,,,,,,,,,,,,,,,
,,,,,,,,,,,,,,,,,,,,,,,,,,,,,
,,,,,,,,,,,,,,,,,,,,,,,,,,,,,
,,,,,,,,,,,,,,,,,,,,,,,,,,,,,
,,,,,,,,,,,,,,,,,,,,,,,,,,,,,
,,,,,,,,,,,,,,,,,,,,,,,,,,,,,
,,,,,,,,,,,,,,,,,,,,,,,,,,,,,
,,,,,,,,,,,,,,,,,,,,,,,,,,,,,
,,,,,,,,,,,,,,,,,,,,,,,,,,,,,
,,,,,,,,,,,,,,,,,,,,,,,,,,,,,
,,,,,,,,,,,,,,,,,,,,,,,,,,,,,
,,,,,,,,,,,,,,,,,,,,,,,,,,,,,
,,,,,,,,,,,,,,,,,,,,,,,,,,,,,
,,,,,,,,,,,,,,,,,,,,,,,,,,,,,
,,,,,,,,,,,,,,,,,,,,,,,,,,,,,
,,,,,,,,,,,,,,,,,,,,,,,,,,,,,
,,,,,,,,,,,,,,,,,,,,,,,,,,,,,
,,,,,,,,,,,,,,,,,,,,,,,,,,,,,
,,,,,,,,,,,,,,,,,,,,,,,,,,,,,
,,,,,,,,,,,,,,,,,,,,,,,,,,,,,
,,,,,,,,,,,,,,,,,,,,,,,,,,,,,
,,,,,,,,,,,,,,,,,,,,,,,,,,,,,
,,,,,,,,,,,,,,,,,,,,,,,,,,,,,
,,,,,,,,,,,,,,,,,,,,,,,,,,,,,
,,,,,,,,,,,,,,,,,,,,,,,,,,,,,
,,,,,,,,,,,,,,,,,,,,,,,,,,,,,
,,,,,,,,,,,,,,,,,,,,,,,,,,,,,
,,,,,,,,,,,,,,,,,,,,,,,,,,,,,
,,,,,,,,,,,,,,,,,,,,,,,,,,,,,
,,,,,,,,,,,,,,,,,,,,,,,,,,,,,
,,,,,,,,,,,,,,,,,,,,,,,,,,,,,
,,,,,,,,,,,,,,,,,,,,,,,,,,,,,
,,,,,,,,,,,,,,,,,,,,,,,,,,,,,
,,,,,,,,,,,,,,,,,,,,,,,,,,,,,
,,,,,,,,,,,,,,,,,,,,,,,,,,,,,
,,,,,,,,,,,,,,,,,,,,,,,,,,,,,
,,,,,,,,,,,,,,,,,,,,,,,,,,,,,
,,,,,,,,,,,,,,,,,,,,,,,,,,,,,
,,,,,,,,,,,,,,,,,,,,,,,,,,,,,
,,,,,,,,,,,,,,,,,,,,,,,,,,,,,
,,,,,,,,,,,,,,,,,,,,,,,,,,,,,
,,,,,,,,,,,,,,,,,,,,,,,,,,,,,
,,,,,,,,,,,,,,,,,,,,,,,,,,,,,
,,,,,,,,,,,,,,,,,,,,,,,,,,,,,
,,,,,,,,,,,,,,,,,,,,,,,,,,,,,
,,,,,,,,,,,,,,,,,,,,,,,,,,,,,
,,,,,,,,,,,,,,,,,,,,,,,,,,,,,
,,,,,,,,,,,,,,,,,,,,,,,,,,,,,
,,,,,,,,,,,,,,,,,,,,,,,,,,,,,
,,,,,,,,,,,,,,,,,,,,,,,,,,,,,
,,,,,,,,,,,,,,,,,,,,,,,,,,,,,
,,,,,,,,,,,,,,,,,,,,,,,,,,,,,
,,,,,,,,,,,,,,,,,,,,,,,,,,,,,
,,,,,,,,,,,,,,,,,,,,,,,,,,,,,
,,,,,,,,,,,,,,,,,,,,,,,,,,,,,
,,,,,,,,,,,,,,,,,,,,,,,,,,,,,
,,,,,,,,,,,,,,,,,,,,,,,,,,,,,
,,,,,,,,,,,,,,,,,,,,,,,,,,,,,
,,,,,,,,,,,,,,,,,,,,,,,,,,,,,
,,,,,,,,,,,,,,,,,,,,,,,,,,,,,
,,,,,,,,,,,,,,,,,,,,,,,,,,,,,
,,,,,,,,,,,,,,,,,,,,,,,,,,,,,
,,,,,,,,,,,,,,,,,,,,,,,,,,,,,
,,,,,,,,,,,,,,,,,,,,,,,,,,,,,
,,,,,,,,,,,,,,,,,,,,,,,,,,,,,
,,,,,,,,,,,,,,,,,,,,,,,,,,,,,
,,,,,,,,,,,,,,,,,,,,,,,,,,,,,
,,,,,,,,,,,,,,,,,,,,,,,,,,,,,
,,,,,,,,,,,,,,,,,,,,,,,,,,,,,
,,,,,,,,,,,,,,,,,,,,,,,,,,,,,
,,,,,,,,,,,,,,,,,,,,,,,,,,,,,
,,,,,,,,,,,,,,,,,,,,,,,,,,,,,
,,,,,,,,,,,,,,,,,,,,,,,,,,,,,
,,,,,,,,,,,,,,,,,,,,,,,,,,,,,
,,,,,,,,,,,,,,,,,,,,,,,,,,,,,
,,,,,,,,,,,,,,,,,,,,,,,,,,,,,
,,,,,,,,,,,,,,,,,,,,,,,,,,,,,
,,,,,,,,,,,,,,,,,,,,,,,,,,,,,
,,,,,,,,,,,,,,,,,,,,,,,,,,,,,
,,,,,,,,,,,,,,,,,,,,,,,,,,,,,
,,,,,,,,,,,,,,,,,,,,,,,,,,,,,
,,,,,,,,,,,,,,,,,,,,,,,,,,,,,
,,,,,,,,,,,,,,,,,,,,,,,,,,,,,
,,,,,,,,,,,,,,,,,,,,,,,,,,,,,
,,,,,,,,,,,,,,,,,,,,,,,,,,,,,
,,,,,,,,,,,,,,,,,,,,,,,,,,,,,
,,,,,,,,,,,,,,,,,,,,,,,,,,,,,
,,,,,,,,,,,,,,,,,,,,,,,,,,,,,
,,,,,,,,,,,,,,,,,,,,,,,,,,,,,
,,,,,,,,,,,,,,,,,,,,,,,,,,,,,
,,,,,,,,,,,,,,,,,,,,,,,,,,,,,
,,,,,,,,,,,,,,,,,,,,,,,,,,,,,
,,,,,,,,,,,,,,,,,,,,,,,,,,,,,
,,,,,,,,,,,,,,,,,,,,,,,,,,,,,
,,,,,,,,,,,,,,,,,,,,,,,,,,,,,
,,,,,,,,,,,,,,,,,,,,,,,,,,,,,
,,,,,,,,,,,,,,,,,,,,,,,,,,,,,
,,,,,,,,,,,,,,,,,,,,,,,,,,,,,
,,,,,,,,,,,,,,,,,,,,,,,,,,,,,
,,,,,,,,,,,,,,,,,,,,,,,,,,,,,
,,,,,,,,,,,,,,,,,,,,,,,,,,,,,
,,,,,,,,,,,,,,,,,,,,,,,,,,,,,
,,,,,,,,,,,,,,,,,,,,,,,,,,,,,
,,,,,,,,,,,,,,,,,,,,,,,,,,,,,
,,,,,,,,,,,,,,,,,,,,,,,,,,,,,
,,,,,,,,,,,,,,,,,,,,,,,,,,,,,
,,,,,,,,,,,,,,,,,,,,,,,,,,,,,
,,,,,,,,,,,,,,,,,,,,,,,,,,,,,
,,,,,,,,,,,,,,,,,,,,,,,,,,,,,
,,,,,,,,,,,,,,,,,,,,,,,,,,,,,
,,,,,,,,,,,,,,,,,,,,,,,,,,,,,
,,,,,,,,,,,,,,,,,,,,,,,,,,,,,
,,,,,,,,,,,,,,,,,,,,,,,,,,,,,
,,,,,,,,,,,,,,,,,,,,,,,,,,,,,
,,,,,,,,,,,,,,,,,,,,,,,,,,,,,
,,,,,,,,,,,,,,,,,,,,,,,,,,,,,
,,,,,,,,,,,,,,,,,,,,,,,,,,,,,
,,,,,,,,,,,,,,,,,,,,,,,,,,,,,
,,,,,,,,,,,,,,,,,,,,,,,,,,,,,
,,,,,,,,,,,,,,,,,,,,,,,,,,,,,
,,,,,,,,,,,,,,,,,,,,,,,,,,,,,
,,,,,,,,,,,,,,,,,,,,,,,,,,,,,
,,,,,,,,,,,,,,,,,,,,,,,,,,,,,
,,,,,,,,,,,,,,,,,,,,,,,,,,,,,
,,,,,,,,,,,,,,,,,,,,,,,,,,,,,
,,,,,,,,,,,,,,,,,,,,,,,,,,,,,
,,,,,,,,,,,,,,,,,,,,,,,,,,,,,
,,,,,,,,,,,,,,,,,,,,,,,,,,,,,
,,,,,,,,,,,,,,,,,,,,,,,,,,,,,
,,,,,,,,,,,,,,,,,,,,,,,,,,,,,
,,,,,,,,,,,,,,,,,,,,,,,,,,,,,
,,,,,,,,,,,,,,,,,,,,,,,,,,,,,
,,,,,,,,,,,,,,,,,,,,,,,,,,,,,
,,,,,,,,,,,,,,,,,,,,,,,,,,,,,
,,,,,,,,,,,,,,,,,,,,,,,,,,,,,
,,,,,,,,,,,,,,,,,,,,,,,,,,,,,
,,,,,,,,,,,,,,,,,,,,,,,,,,,,,
,,,,,,,,,,,,,,,,,,,,,,,,,,,,,
,,,,,,,,,,,,,,,,,,,,,,,,,,,,,
,,,,,,,,,,,,,,,,,,,,,,,,,,,,,
,,,,,,,,,,,,,,,,,,,,,,,,,,,,,
,,,,,,,,,,,,,,,,,,,,,,,,,,,,,
,,,,,,,,,,,,,,,,,,,,,,,,,,,,,
,,,,,,,,,,,,,,,,,,,,,,,,,,,,,
,,,,,,,,,,,,,,,,,,,,,,,,,,,,,
,,,,,,,,,,,,,,,,,,,,,,,,,,,,,
,,,,,,,,,,,,,,,,,,,,,,,,,,,,,
,,,,,,,,,,,,,,,,,,,,,,,,,,,,,
,,,,,,,,,,,,,,,,,,,,,,,,,,,,,
,,,,,,,,,,,,,,,,,,,,,,,,,,,,,
,,,,,,,,,,,,,,,,,,,,,,,,,,,,,
,,,,,,,,,,,,,,,,,,,,,,,,,,,,,
,,,,,,,,,,,,,,,,,,,,,,,,,,,,,
,,,,,,,,,,,,,,,,,,,,,,,,,,,,,
,,,,,,,,,,,,,,,,,,,,,,,,,,,,,
,,,,,,,,,,,,,,,,,,,,,,,,,,,,,
,,,,,,,,,,,,,,,,,,,,,,,,,,,,,
,,,,,,,,,,,,,,,,,,,,,,,,,,,,,
,,,,,,,,,,,,,,,,,,,,,,,,,,,,,
,,,,,,,,,,,,,,,,,,,,,,,,,,,,,
,,,,,,,,,,,,,,,,,,,,,,,,,,,,,
,,,,,,,,,,,,,,,,,,,,,,,,,,,,,
,,,,,,,,,,,,,,,,,,,,,,,,,,,,,
,,,,,,,,,,,,,,,,,,,,,,,,,,,,,
,,,,,,,,,,,,,,,,,,,,,,,,,,,,,
,,,,,,,,,,,,,,,,,,,,,,,,,,,,,
,,,,,,,,,,,,,,,,,,,,,,,,,,,,,
,,,,,,,,,,,,,,,,,,,,,,,,,,,,,
,,,,,,,,,,,,,,,,,,,,,,,,,,,,,
,,,,,,,,,,,,,,,,,,,,,,,,,,,,,
,,,,,,,,,,,,,,,,,,,,,,,,,,,,,
,,,,,,,,,,,,,,,,,,,,,,,,,,,,,
,,,,,,,,,,,,,,,,,,,,,,,,,,,,,
,,,,,,,,,,,,,,,,,,,,,,,,,,,,,
,,,,,,,,,,,,,,,,,,,,,,,,,,,,,
,,,,,,,,,,,,,,,,,,,,,,,,,,,,,
,,,,,,,,,,,,,,,,,,,,,,,,,,,,,
,,,,,,,,,,,,,,,,,,,,,,,,,,,,,
,,,,,,,,,,,,,,,,,,,,,,,,,,,,,
,,,,,,,,,,,,,,,,,,,,,,,,,,,,,
,,,,,,,,,,,,,,,,,,,,,,,,,,,,,
,,,,,,,,,,,,,,,,,,,,,,,,,,,,,
,,,,,,,,,,,,,,,,,,,,,,,,,,,,,
,,,,,,,,,,,,,,,,,,,,,,,,,,,,,
,,,,,,,,,,,,,,,,,,,,,,,,,,,,,
,,,,,,,,,,,,,,,,,,,,,,,,,,,,,
,,,,,,,,,,,,,,,,,,,,,,,,,,,,,
,,,,,,,,,,,,,,,,,,,,,,,,,,,,,
,,,,,,,,,,,,,,,,,,,,,,,,,,,,,
,,,,,,,,,,,,,,,,,,,,,,,,,,,,,
,,,,,,,,,,,,,,,,,,,,,,,,,,,,,
,,,,,,,,,,,,,,,,,,,,,,,,,,,,,
,,,,,,,,,,,,,,,,,,,,,,,,,,,,,
,,,,,,,,,,,,,,,,,,,,,,,,,,,,,
,,,,,,,,,,,,,,,,,,,,,,,,,,,,,
,,,,,,,,,,,,,,,,,,,,,,,,,,,,,
,,,,,,,,,,,,,,,,,,,,,,,,,,,,,
,,,,,,,,,,,,,,,,,,,,,,,,,,,,,
,,,,,,,,,,,,,,,,,,,,,,,,,,,,,
,,,,,,,,,,,,,,,,,,,,,,,,,,,,,
,,,,,,,,,,,,,,,,,,,,,,,,,,,,,
,,,,,,,,,,,,,,,,,,,,,,,,,,,,,
,,,,,,,,,,,,,,,,,,,,,,,,,,,,,
,,,,,,,,,,,,,,,,,,,,,,,,,,,,,
,,,,,,,,,,,,,,,,,,,,,,,,,,,,,
,,,,,,,,,,,,,,,,,,,,,,,,,,,,,
,,,,,,,,,,,,,,,,,,,,,,,,,,,,,
,,,,,,,,,,,,,,,,,,,,,,,,,,,,,
,,,,,,,,,,,,,,,,,,,,,,,,,,,,,
,,,,,,,,,,,,,,,,,,,,,,,,,,,,,
,,,,,,,,,,,,,,,,,,,,,,,,,,,,,
,,,,,,,,,,,,,,,,,,,,,,,,,,,,,
,,,,,,,,,,,,,,,,,,,,,,,,,,,,,
,,,,,,,,,,,,,,,,,,,,,,,,,,,,,
,,,,,,,,,,,,,,,,,,,,,,,,,,,,,
,,,,,,,,,,,,,,,,,,,,,,,,,,,,,
,,,,,,,,,,,,,,,,,,,,,,,,,,,,,
,,,,,,,,,,,,,,,,,,,,,,,,,,,,,
,,,,,,,,,,,,,,,,,,,,,,,,,,,,,
,,,,,,,,,,,,,,,,,,,,,,,,,,,,,
,,,,,,,,,,,,,,,,,,,,,,,,,,,,,
,,,,,,,,,,,,,,,,,,,,,,,,,,,,,
,,,,,,,,,,,,,,,,,,,,,,,,,,,,,
,,,,,,,,,,,,,,,,,,,,,,,,,,,,,
,,,,,,,,,,,,,,,,,,,,,,,,,,,,,
,,,,,,,,,,,,,,,,,,,,,,,,,,,,,
,,,,,,,,,,,,,,,,,,,,,,,,,,,,,
,,,,,,,,,,,,,,,,,,,,,,,,,,,,,
,,,,,,,,,,,,,,,,,,,,,,,,,,,,,
,,,,,,,,,,,,,,,,,,,,,,,,,,,,,
,,,,,,,,,,,,,,,,,,,,,,,,,,,,,
,,,,,,,,,,,,,,,,,,,,,,,,,,,,,
,,,,,,,,,,,,,,,,,,,,,,,,,,,,,
,,,,,,,,,,,,,,,,,,,,,,,,,,,,,
,,,,,,,,,,,,,,,,,,,,,,,,,,,,,
,,,,,,,,,,,,,,,,,,,,,,,,,,,,,
,,,,,,,,,,,,,,,,,,,,,,,,,,,,,
,,,,,,,,,,,,,,,,,,,,,,,,,,,,,
,,,,,,,,,,,,,,,,,,,,,,,,,,,,,
,,,,,,,,,,,,,,,,,,,,,,,,,,,,,
,,,,,,,,,,,,,,,,,,,,,,,,,,,,,
,,,,,,,,,,,,,,,,,,,,,,,,,,,,,
,,,,,,,,,,,,,,,,,,,,,,,,,,,,,
,,,,,,,,,,,,,,,,,,,,,,,,,,,,,
,,,,,,,,,,,,,,,,,,,,,,,,,,,,,
,,,,,,,,,,,,,,,,,,,,,,,,,,,,,
,,,,,,,,,,,,,,,,,,,,,,,,,,,,,
,,,,,,,,,,,,,,,,,,,,,,,,,,,,,
,,,,,,,,,,,,,,,,,,,,,,,,,,,,,
,,,,,,,,,,,,,,,,,,,,,,,,,,,,,
,,,,,,,,,,,,,,,,,,,,,,,,,,,,,
,,,,,,,,,,,,,,,,,,,,,,,,,,,,,
,,,,,,,,,,,,,,,,,,,,,,,,,,,,,
,,,,,,,,,,,,,,,,,,,,,,,,,,,,,
,,,,,,,,,,,,,,,,,,,,,,,,,,,,,
,,,,,,,,,,,,,,,,,,,,,,,,,,,,,
,,,,,,,,,,,,,,,,,,,,,,,,,,,,,
,,,,,,,,,,,,,,,,,,,,,,,,,,,,,
,,,,,,,,,,,,,,,,,,,,,,,,,,,,,
,,,,,,,,,,,,,,,,,,,,,,,,,,,,,
,,,,,,,,,,,,,,,,,,,,,,,,,,,,,
,,,,,,,,,,,,,,,,,,,,,,,,,,,,,
,,,,,,,,,,,,,,,,,,,,,,,,,,,,,
,,,,,,,,,,,,,,,,,,,,,,,,,,,,,
,,,,,,,,,,,,,,,,,,,,,,,,,,,,,
,,,,,,,,,,,,,,,,,,,,,,,,,,,,,
,,,,,,,,,,,,,,,,,,,,,,,,,,,,,
,,,,,,,,,,,,,,,,,,,,,,,,,,,,,
,,,,,,,,,,,,,,,,,,,,,,,,,,,,,
,,,,,,,,,,,,,,,,,,,,,,,,,,,,,
,,,,,,,,,,,,,,,,,,,,,,,,,,,,,
,,,,,,,,,,,,,,,,,,,,,,,,,,,,,
,,,,,,,,,,,,,,,,,,,,,,,,,,,,,
,,,,,,,,,,,,,,,,,,,,,,,,,,,,,
,,,,,,,,,,,,,,,,,,,,,,,,,,,,,
,,,,,,,,,,,,,,,,,,,,,,,,,,,,,
,,,,,,,,,,,,,,,,,,,,,,,,,,,,,
,,,,,,,,,,,,,,,,,,,,,,,,,,,,,
,,,,,,,,,,,,,,,,,,,,,,,,,,,,,
,,,,,,,,,,,,,,,,,,,,,,,,,,,,,
,,,,,,,,,,,,,,,,,,,,,,,,,,,,,
,,,,,,,,,,,,,,,,,,,,,,,,,,,,,
,,,,,,,,,,,,,,,,,,,,,,,,,,,,,
,,,,,,,,,,,,,,,,,,,,,,,,,,,,,
,,,,,,,,,,,,,,,,,,,,,,,,,,,,,
,,,,,,,,,,,,,,,,,,,,,,,,,,,,,
,,,,,,,,,,,,,,,,,,,,,,,,,,,,,
,,,,,,,,,,,,,,,,,,,,,,,,,,,,,
,,,,,,,,,,,,,,,,,,,,,,,,,,,,,
,,,,,,,,,,,,,,,,,,,,,,,,,,,,,
,,,,,,,,,,,,,,,,,,,,,,,,,,,,,
,,,,,,,,,,,,,,,,,,,,,,,,,,,,,
,,,,,,,,,,,,,,,,,,,,,,,,,,,,,
,,,,,,,,,,,,,,,,,,,,,,,,,,,,,
,,,,,,,,,,,,,,,,,,,,,,,,,,,,,
,,,,,,,,,,,,,,,,,,,,,,,,,,,,,
,,,,,,,,,,,,,,,,,,,,,,,,,,,,,
,,,,,,,,,,,,,,,,,,,,,,,,,,,,,
,,,,,,,,,,,,,,,,,,,,,,,,,,,,,
,,,,,,,,,,,,,,,,,,,,,,,,,,,,,
,,,,,,,,,,,,,,,,,,,,,,,,,,,,,
,,,,,,,,,,,,,,,,,,,,,,,,,,,,,
,,,,,,,,,,,,,,,,,,,,,,,,,,,,,
,,,,,,,,,,,,,,,,,,,,,,,,,,,,,
,,,,,,,,,,,,,,,,,,,,,,,,,,,,,
,,,,,,,,,,,,,,,,,,,,,,,,,,,,,
,,,,,,,,,,,,,,,,,,,,,,,,,,,,,
,,,,,,,,,,,,,,,,,,,,,,,,,,,,,
,,,,,,,,,,,,,,,,,,,,,,,,,,,,,
,,,,,,,,,,,,,,,,,,,,,,,,,,,,,
,,,,,,,,,,,,,,,,,,,,,,,,,,,,,
,,,,,,,,,,,,,,,,,,,,,,,,,,,,,
,,,,,,,,,,,,,,,,,,,,,,,,,,,,,
,,,,,,,,,,,,,,,,,,,,,,,,,,,,,
,,,,,,,,,,,,,,,,,,,,,,,,,,,,,
,,,,,,,,,,,,,,,,,,,,,,,,,,,,,
,,,,,,,,,,,,,,,,,,,,,,,,,,,,,
,,,,,,,,,,,,,,,,,,,,,,,,,,,,,
,,,,,,,,,,,,,,,,,,,,,,,,,,,,,
,,,,,,,,,,,,,,,,,,,,,,,,,,,,,
,,,,,,,,,,,,,,,,,,,,,,,,,,,,,
,,,,,,,,,,,,,,,,,,,,,,,,,,,,,
,,,,,,,,,,,,,,,,,,,,,,,,,,,,,
,,,,,,,,,,,,,,,,,,,,,,,,,,,,,
,,,,,,,,,,,,,,,,,,,,,,,,,,,,,
,,,,,,,,,,,,,,,,,,,,,,,,,,,,,
,,,,,,,,,,,,,,,,,,,,,,,,,,,,,
,,,,,,,,,,,,,,,,,,,,,,,,,,,,,
,,,,,,,,,,,,,,,,,,,,,,,,,,,,,
,,,,,,,,,,,,,,,,,,,,,,,,,,,,,
,,,,,,,,,,,,,,,,,,,,,,,,,,,,,
,,,,,,,,,,,,,,,,,,,,,,,,,,,,,
,,,,,,,,,,,,,,,,,,,,,,,,,,,,,
,,,,,,,,,,,,,,,,,,,,,,,,,,,,,
,,,,,,,,,,,,,,,,,,,,,,,,,,,,,
,,,,,,,,,,,,,,,,,,,,,,,,,,,,,
,,,,,,,,,,,,,,,,,,,,,,,,,,,,,
,,,,,,,,,,,,,,,,,,,,,,,,,,,,,
,,,,,,,,,,,,,,,,,,,,,,,,,,,,,
,,,,,,,,,,,,,,,,,,,,,,,,,,,,,
,,,,,,,,,,,,,,,,,,,,,,,,,,,,,
,,,,,,,,,,,,,,,,,,,,,,,,,,,,,
,,,,,,,,,,,,,,,,,,,,,,,,,,,,,
,,,,,,,,,,,,,,,,,,,,,,,,,,,,,
,,,,,,,,,,,,,,,,,,,,,,,,,,,,,
,,,,,,,,,,,,,,,,,,,,,,,,,,,,,
,,,,,,,,,,,,,,,,,,,,,,,,,,,,,
,,,,,,,,,,,,,,,,,,,,,,,,,,,,,
,,,,,,,,,,,,,,,,,,,,,,,,,,,,,
,,,,,,,,,,,,,,,,,,,,,,,,,,,,,
,,,,,,,,,,,,,,,,,,,,,,,,,,,,,
,,,,,,,,,,,,,,,,,,,,,,,,,,,,,
,,,,,,,,,,,,,,,,,,,,,,,,,,,,,
,,,,,,,,,,,,,,,,,,,,,,,,,,,,,
,,,,,,,,,,,,,,,,,,,,,,,,,,,,,
,,,,,,,,,,,,,,,,,,,,,,,,,,,,,
,,,,,,,,,,,,,,,,,,,,,,,,,,,,,
,,,,,,,,,,,,,,,,,,,,,,,,,,,,,
,,,,,,,,,,,,,,,,,,,,,,,,,,,,,
,,,,,,,,,,,,,,,,,,,,,,,,,,,,,
,,,,,,,,,,,,,,,,,,,,,,,,,,,,,
,,,,,,,,,,,,,,,,,,,,,,,,,,,,,
,,,,,,,,,,,,,,,,,,,,,,,,,,,,,
,,,,,,,,,,,,,,,,,,,,,,,,,,,,,
,,,,,,,,,,,,,,,,,,,,,,,,,,,,,
,,,,,,,,,,,,,,,,,,,,,,,,,,,,,
,,,,,,,,,,,,,,,,,,,,,,,,,,,,,
,,,,,,,,,,,,,,,,,,,,,,,,,,,,,
,,,,,,,,,,,,,,,,,,,,,,,,,,,,,
,,,,,,,,,,,,,,,,,,,,,,,,,,,,,
,,,,,,,,,,,,,,,,,,,,,,,,,,,,,
,,,,,,,,,,,,,,,,,,,,,,,,,,,,,
,,,,,,,,,,,,,,,,,,,,,,,,,,,,,
,,,,,,,,,,,,,,,,,,,,,,,,,,,,,
,,,,,,,,,,,,,,,,,,,,,,,,,,,,,
,,,,,,,,,,,,,,,,,,,,,,,,,,,,,
,,,,,,,,,,,,,,,,,,,,,,,,,,,,,
,,,,,,,,,,,,,,,,,,,,,,,,,,,,,
,,,,,,,,,,,,,,,,,,,,,,,,,,,,,
,,,,,,,,,,,,,,,,,,,,,,,,,,,,,
,,,,,,,,,,,,,,,,,,,,,,,,,,,,,
,,,,,,,,,,,,,,,,,,,,,,,,,,,,,
,,,,,,,,,,,,,,,,,,,,,,,,,,,,,
,,,,,,,,,,,,,,,,,,,,,,,,,,,,,
,,,,,,,,,,,,,,,,,,,,,,,,,,,,,
,,,,,,,,,,,,,,,,,,,,,,,,,,,,,
,,,,,,,,,,,,,,,,,,,,,,,,,,,,,
,,,,,,,,,,,,,,,,,,,,,,,,,,,,,
,,,,,,,,,,,,,,,,,,,,,,,,,,,,,
,,,,,,,,,,,,,,,,,,,,,,,,,,,,,
,,,,,,,,,,,,,,,,,,,,,,,,,,,,,
,,,,,,,,,,,,,,,,,,,,,,,,,,,,,
,,,,,,,,,,,,,,,,,,,,,,,,,,,,,
,,,,,,,,,,,,,,,,,,,,,,,,,,,,,
,,,,,,,,,,,,,,,,,,,,,,,,,,,,,
,,,,,,,,,,,,,,,,,,,,,,,,,,,,,
,,,,,,,,,,,,,,,,,,,,,,,,,,,,,
,,,,,,,,,,,,,,,,,,,,,,,,,,,,,
,,,,,,,,,,,,,,,,,,,,,,,,,,,,,
,,,,,,,,,,,,,,,,,,,,,,,,,,,,,
,,,,,,,,,,,,,,,,,,,,,,,,,,,,,
,,,,,,,,,,,,,,,,,,,,,,,,,,,,,
,,,,,,,,,,,,,,,,,,,,,,,,,,,,,
,,,,,,,,,,,,,,,,,,,,,,,,,,,,,
,,,,,,,,,,,,,,,,,,,,,,,,,,,,,
,,,,,,,,,,,,,,,,,,,,,,,,,,,,,
,,,,,,,,,,,,,,,,,,,,,,,,,,,,,
,,,,,,,,,,,,,,,,,,,,,,,,,,,,,
,,,,,,,,,,,,,,,,,,,,,,,,,,,,,
,,,,,,,,,,,,,,,,,,,,,,,,,,,,,
,,,,,,,,,,,,,,,,,,,,,,,,,,,,,
,,,,,,,,,,,,,,,,,,,,,,,,,,,,,
,,,,,,,,,,,,,,,,,,,,,,,,,,,,,
,,,,,,,,,,,,,,,,,,,,,,,,,,,,,
,,,,,,,,,,,,,,,,,,,,,,,,,,,,,
,,,,,,,,,,,,,,,,,,,,,,,,,,,,,
,,,,,,,,,,,,,,,,,,,,,,,,,,,,,
,,,,,,,,,,,,,,,,,,,,,,,,,,,,,
,,,,,,,,,,,,,,,,,,,,,,,,,,,,,
,,,,,,,,,,,,,,,,,,,,,,,,,,,,,
,,,,,,,,,,,,,,,,,,,,,,,,,,,,,
,,,,,,,,,,,,,,,,,,,,,,,,,,,,,
,,,,,,,,,,,,,,,,,,,,,,,,,,,,,
,,,,,,,,,,,,,,,,,,,,,,,,,,,,,
,,,,,,,,,,,,,,,,,,,,,,,,,,,,,
,,,,,,,,,,,,,,,,,,,,,,,,,,,,,
,,,,,,,,,,,,,,,,,,,,,,,,,,,,,
,,,,,,,,,,,,,,,,,,,,,,,,,,,,,
,,,,,,,,,,,,,,,,,,,,,,,,,,,,,
,,,,,,,,,,,,,,,,,,,,,,,,,,,,,
,,,,,,,,,,,,,,,,,,,,,,,,,,,,,
,,,,,,,,,,,,,,,,,,,,,,,,,,,,,
,,,,,,,,,,,,,,,,,,,,,,,,,,,,,
,,,,,,,,,,,,,,,,,,,,,,,,,,,,,
,,,,,,,,,,,,,,,,,,,,,,,,,,,,,
,,,,,,,,,,,,,,,,,,,,,,,,,,,,,
,,,,,,,,,,,,,,,,,,,,,,,,,,,,,
,,,,,,,,,,,,,,,,,,,,,,,,,,,,,
,,,,,,,,,,,,,,,,,,,,,,,,,,,,,
,,,,,,,,,,,,,,,,,,,,,,,,,,,,,
,,,,,,,,,,,,,,,,,,,,,,,,,,,,,
,,,,,,,,,,,,,,,,,,,,,,,,,,,,,
,,,,,,,,,,,,,,,,,,,,,,,,,,,,,
,,,,,,,,,,,,,,,,,,,,,,,,,,,,,
,,,,,,,,,,,,,,,,,,,,,,,,,,,,,
,,,,,,,,,,,,,,,,,,,,,,,,,,,,,
,,,,,,,,,,,,,,,,,,,,,,,,,,,,,
,,,,,,,,,,,,,,,,,,,,,,,,,,,,,
,,,,,,,,,,,,,,,,,,,,,,,,,,,,,
,,,,,,,,,,,,,,,,,,,,,,,,,,,,,
,,,,,,,,,,,,,,,,,,,,,,,,,,,,,
,,,,,,,,,,,,,,,,,,,,,,,,,,,,,
,,,,,,,,,,,,,,,,,,,,,,,,,,,,,
,,,,,,,,,,,,,,,,,,,,,,,,,,,,,
,,,,,,,,,,,,,,,,,,,,,,,,,,,,,
,,,,,,,,,,,,,,,,,,,,,,,,,,,,,
,,,,,,,,,,,,,,,,,,,,,,,,,,,,,
,,,,,,,,,,,,,,,,,,,,,,,,,,,,,
,,,,,,,,,,,,,,,,,,,,,,,,,,,,,
,,,,,,,,,,,,,,,,,,,,,,,,,,,,,
,,,,,,,,,,,,,,,,,,,,,,,,,,,,,
,,,,,,,,,,,,,,,,,,,,,,,,,,,,,
,,,,,,,,,,,,,,,,,,,,,,,,,,,,,
,,,,,,,,,,,,,,,,,,,,,,,,,,,,,
,,,,,,,,,,,,,,,,,,,,,,,,,,,,,
,,,,,,,,,,,,,,,,,,,,,,,,,,,,,
,,,,,,,,,,,,,,,,,,,,,,,,,,,,,
,,,,,,,,,,,,,,,,,,,,,,,,,,,,,
,,,,,,,,,,,,,,,,,,,,,,,,,,,,,
,,,,,,,,,,,,,,,,,,,,,,,,,,,,,
,,,,,,,,,,,,,,,,,,,,,,,,,,,,,
,,,,,,,,,,,,,,,,,,,,,,,,,,,,,
,,,,,,,,,,,,,,,,,,,,,,,,,,,,,
,,,,,,,,,,,,,,,,,,,,,,,,,,,,,
,,,,,,,,,,,,,,,,,,,,,,,,,,,,,
,,,,,,,,,,,,,,,,,,,,,,,,,,,,,
,,,,,,,,,,,,,,,,,,,,,,,,,,,,,
,,,,,,,,,,,,,,,,,,,,,,,,,,,,,
,,,,,,,,,,,,,,,,,,,,,,,,,,,,,
,,,,,,,,,,,,,,,,,,,,,,,,,,,,,
,,,,,,,,,,,,,,,,,,,,,,,,,,,,,
,,,,,,,,,,,,,,,,,,,,,,,,,,,,,
,,,,,,,,,,,,,,,,,,,,,,,,,,,,,
,,,,,,,,,,,,,,,,,,,,,,,,,,,,,
,,,,,,,,,,,,,,,,,,,,,,,,,,,,,
,,,,,,,,,,,,,,,,,,,,,,,,,,,,,
,,,,,,,,,,,,,,,,,,,,,,,,,,,,,
,,,,,,,,,,,,,,,,,,,,,,,,,,,,,
,,,,,,,,,,,,,,,,,,,,,,,,,,,,,
,,,,,,,,,,,,,,,,,,,,,,,,,,,,,
,,,,,,,,,,,,,,,,,,,,,,,,,,,,,
,,,,,,,,,,,,,,,,,,,,,,,,,,,,,
,,,,,,,,,,,,,,,,,,,,,,,,,,,,,
,,,,,,,,,,,,,,,,,,,,,,,,,,,,,
,,,,,,,,,,,,,,,,,,,,,,,,,,,,,
,,,,,,,,,,,,,,,,,,,,,,,,,,,,,
,,,,,,,,,,,,,,,,,,,,,,,,,,,,,
,,,,,,,,,,,,,,,,,,,,,,,,,,,,,
,,,,,,,,,,,,,,,,,,,,,,,,,,,,,
,,,,,,,,,,,,,,,,,,,,,,,,,,,,,
,,,,,,,,,,,,,,,,,,,,,,,,,,,,,
,,,,,,,,,,,,,,,,,,,,,,,,,,,,,
,,,,,,,,,,,,,,,,,,,,,,,,,,,,,
,,,,,,,,,,,,,,,,,,,,,,,,,,,,,
,,,,,,,,,,,,,,,,,,,,,,,,,,,,,
,,,,,,,,,,,,,,,,,,,,,,,,,,,,,
,,,,,,,,,,,,,,,,,,,,,,,,,,,,,
,,,,,,,,,,,,,,,,,,,,,,,,,,,,,
,,,,,,,,,,,,,,,,,,,,,,,,,,,,,
,,,,,,,,,,,,,,,,,,,,,,,,,,,,,
,,,,,,,,,,,,,,,,,,,,,,,,,,,,,
,,,,,,,,,,,,,,,,,,,,,,,,,,,,,
,,,,,,,,,,,,,,,,,,,,,,,,,,,,,
,,,,,,,,,,,,,,,,,,,,,,,,,,,,,
,,,,,,,,,,,,,,,,,,,,,,,,,,,,,
,,,,,,,,,,,,,,,,,,,,,,,,,,,,,
,,,,,,,,,,,,,,,,,,,,,,,,,,,,,
,,,,,,,,,,,,,,,,,,,,,,,,,,,,,
,,,,,,,,,,,,,,,,,,,,,,,,,,,,,
,,,,,,,,,,,,,,,,,,,,,,,,,,,,,
,,,,,,,,,,,,,,,,,,,,,,,,,,,,,
,,,,,,,,,,,,,,,,,,,,,,,,,,,,,
,,,,,,,,,,,,,,,,,,,,,,,,,,,,,
,,,,,,,,,,,,,,,,,,,,,,,,,,,,,
,,,,,,,,,,,,,,,,,,,,,,,,,,,,,
,,,,,,,,,,,,,,,,,,,,,,,,,,,,,
,,,,,,,,,,,,,,,,,,,,,,,,,,,,,
,,,,,,,,,,,,,,,,,,,,,,,,,,,,,
,,,,,,,,,,,,,,,,,,,,,,,,,,,,,
,,,,,,,,,,,,,,,,,,,,,,,,,,,,,
,,,,,,,,,,,,,,,,,,,,,,,,,,,,,
,,,,,,,,,,,,,,,,,,,,,,,,,,,,,
,,,,,,,,,,,,,,,,,,,,,,,,,,,,,
,,,,,,,,,,,,,,,,,,,,,,,,,,,,,
,,,,,,,,,,,,,,,,,,,,,,,,,,,,,
,,,,,,,,,,,,,,,,,,,,,,,,,,,,,
,,,,,,,,,,,,,,,,,,,,,,,,,,,,,
,,,,,,,,,,,,,,,,,,,,,,,,,,,,,
,,,,,,,,,,,,,,,,,,,,,,,,,,,,,
,,,,,,,,,,,,,,,,,,,,,,,,,,,,,
,,,,,,,,,,,,,,,,,,,,,,,,,,,,,
,,,,,,,,,,,,,,,,,,,,,,,,,,,,,
,,,,,,,,,,,,,,,,,,,,,,,,,,,,,
,,,,,,,,,,,,,,,,,,,,,,,,,,,,,
,,,,,,,,,,,,,,,,,,,,,,,,,,,,,
,,,,,,,,,,,,,,,,,,,,,,,,,,,,,
,,,,,,,,,,,,,,,,,,,,,,,,,,,,,
,,,,,,,,,,,,,,,,,,,,,,,,,,,,,
,,,,,,,,,,,,,,,,,,,,,,,,,,,,,
,,,,,,,,,,,,,,,,,,,,,,,,,,,,,
,,,,,,,,,,,,,,,,,,,,,,,,,,,,,
,,,,,,,,,,,,,,,,,,,,,,,,,,,,,
,,,,,,,,,,,,,,,,,,,,,,,,,,,,,
,,,,,,,,,,,,,,,,,,,,,,,,,,,,,
,,,,,,,,,,,,,,,,,,,,,,,,,,,,,
,,,,,,,,,,,,,,,,,,,,,,,,,,,,,
,,,,,,,,,,,,,,,,,,,,,,,,,,,,,
,,,,,,,,,,,,,,,,,,,,,,,,,,,,,
,,,,,,,,,,,,,,,,,,,,,,,,,,,,,
,,,,,,,,,,,,,,,,,,,,,,,,,,,,,
,,,,,,,,,,,,,,,,,,,,,,,,,,,,,
,,,,,,,,,,,,,,,,,,,,,,,,,,,,,
,,,,,,,,,,,,,,,,,,,,,,,,,,,,,
,,,,,,,,,,,,,,,,,,,,,,,,,,,,,
,,,,,,,,,,,,,,,,,,,,,,,,,,,,,
,,,,,,,,,,,,,,,,,,,,,,,,,,,,,
,,,,,,,,,,,,,,,,,,,,,,,,,,,,,
,,,,,,,,,,,,,,,,,,,,,,,,,,,,,
,,,,,,,,,,,,,,,,,,,,,,,,,,,,,
,,,,,,,,,,,,,,,,,,,,,,,,,,,,,
,,,,,,,,,,,,,,,,,,,,,,,,,,,,,
,,,,,,,,,,,,,,,,,,,,,,,,,,,,,
,,,,,,,,,,,,,,,,,,,,,,,,,,,,,
,,,,,,,,,,,,,,,,,,,,,,,,,,,,,
,,,,,,,,,,,,,,,,,,,,,,,,,,,,,
,,,,,,,,,,,,,,,,,,,,,,,,,,,,,
,,,,,,,,,,,,,,,,,,,,,,,,,,,,,
,,,,,,,,,,,,,,,,,,,,,,,,,,,,,
,,,,,,,,,,,,,,,,,,,,,,,,,,,,,
,,,,,,,,,,,,,,,,,,,,,,,,,,,,,
,,,,,,,,,,,,,,,,,,,,,,,,,,,,,
,,,,,,,,,,,,,,,,,,,,,,,,,,,,,
,,,,,,,,,,,,,,,,,,,,,,,,,,,,,
,,,,,,,,,,,,,,,,,,,,,,,,,,,,,
,,,,,,,,,,,,,,,,,,,,,,,,,,,,,
,,,,,,,,,,,,,,,,,,,,,,,,,,,,,
,,,,,,,,,,,,,,,,,,,,,,,,,,,,,
,,,,,,,,,,,,,,,,,,,,,,,,,,,,,
,,,,,,,,,,,,,,,,,,,,,,,,,,,,,
,,,,,,,,,,,,,,,,,,,,,,,,,,,,,
,,,,,,,,,,,,,,,,,,,,,,,,,,,,,
,,,,,,,,,,,,,,,,,,,,,,,,,,,,,
,,,,,,,,,,,,,,,,,,,,,,,,,,,,,
,,,,,,,,,,,,,,,,,,,,,,,,,,,,,
,,,,,,,,,,,,,,,,,,,,,,,,,,,,,
,,,,,,,,,,,,,,,,,,,,,,,,,,,,,
,,,,,,,,,,,,,,,,,,,,,,,,,,,,,
,,,,,,,,,,,,,,,,,,,,,,,,,,,,,
,,,,,,,,,,,,,,,,,,,,,,,,,,,,,
,,,,,,,,,,,,,,,,,,,,,,,,,,,,,
,,,,,,,,,,,,,,,,,,,,,,,,,,,,,
,,,,,,,,,,,,,,,,,,,,,,,,,,,,,
,,,,,,,,,,,,,,,,,,,,,,,,,,,,,
,,,,,,,,,,,,,,,,,,,,,,,,,,,,,
,,,,,,,,,,,,,,,,,,,,,,,,,,,,,
,,,,,,,,,,,,,,,,,,,,,,,,,,,,,
,,,,,,,,,,,,,,,,,,,,,,,,,,,,,
,,,,,,,,,,,,,,,,,,,,,,,,,,,,,
,,,,,,,,,,,,,,,,,,,,,,,,,,,,,
,,,,,,,,,,,,,,,,,,,,,,,,,,,,,
,,,,,,,,,,,,,,,,,,,,,,,,,,,,,
,,,,,,,,,,,,,,,,,,,,,,,,,,,,,
,,,,,,,,,,,,,,,,,,,,,,,,,,,,,
,,,,,,,,,,,,,,,,,,,,,,,,,,,,,
,,,,,,,,,,,,,,,,,,,,,,,,,,,,,
,,,,,,,,,,,,,,,,,,,,,,,,,,,,,
,,,,,,,,,,,,,,,,,,,,,,,,,,,,,
,,,,,,,,,,,,,,,,,,,,,,,,,,,,,
,,,,,,,,,,,,,,,,,,,,,,,,,,,,,
,,,,,,,,,,,,,,,,,,,,,,,,,,,,,
,,,,,,,,,,,,,,,,,,,,,,,,,,,,,
,,,,,,,,,,,,,,,,,,,,,,,,,,,,,
,,,,,,,,,,,,,,,,,,,,,,,,,,,,,
,,,,,,,,,,,,,,,,,,,,,,,,,,,,,
,,,,,,,,,,,,,,,,,,,,,,,,,,,,,
,,,,,,,,,,,,,,,,,,,,,,,,,,,,,
,,,,,,,,,,,,,,,,,,,,,,,,,,,,,
,,,,,,,,,,,,,,,,,,,,,,,,,,,,,
,,,,,,,,,,,,,,,,,,,,,,,,,,,,,
,,,,,,,,,,,,,,,,,,,,,,,,,,,,,
,,,,,,,,,,,,,,,,,,,,,,,,,,,,,
,,,,,,,,,,,,,,,,,,,,,,,,,,,,,
,,,,,,,,,,,,,,,,,,,,,,,,,,,,,
,,,,,,,,,,,,,,,,,,,,,,,,,,,,,
,,,,,,,,,,,,,,,,,,,,,,,,,,,,,
,,,,,,,,,,,,,,,,,,,,,,,,,,,,,
,,,,,,,,,,,,,,,,,,,,,,,,,,,,,
,,,,,,,,,,,,,,,,,,,,,,,,,,,,,
,,,,,,,,,,,,,,,,,,,,,,,,,,,,,
,,,,,,,,,,,,,,,,,,,,,,,,,,,,,
,,,,,,,,,,,,,,,,,,,,,,,,,,,,,
,,,,,,,,,,,,,,,,,,,,,,,,,,,,,
,,,,,,,,,,,,,,,,,,,,,,,,,,,,,
,,,,,,,,,,,,,,,,,,,,,,,,,,,,,
,,,,,,,,,,,,,,,,,,,,,,,,,,,,,
,,,,,,,,,,,,,,,,,,,,,,,,,,,,,
,,,,,,,,,,,,,,,,,,,,,,,,,,,,,
,,,,,,,,,,,,,,,,,,,,,,,,,,,,,
,,,,,,,,,,,,,,,,,,,,,,,,,,,,,
,,,,,,,,,,,,,,,,,,,,,,,,,,,,,
,,,,,,,,,,,,,,,,,,,,,,,,,,,,,
,,,,,,,,,,,,,,,,,,,,,,,,,,,,,
,,,,,,,,,,,,,,,,,,,,,,,,,,,,,
,,,,,,,,,,,,,,,,,,,,,,,,,,,,,
,,,,,,,,,,,,,,,,,,,,,,,,,,,,,
,,,,,,,,,,,,,,,,,,,,,,,,,,,,,
,,,,,,,,,,,,,,,,,,,,,,,,,,,,,
,,,,,,,,,,,,,,,,,,,,,,,,,,,,,
,,,,,,,,,,,,,,,,,,,,,,,,,,,,,
,,,,,,,,,,,,,,,,,,,,,,,,,,,,,
,,,,,,,,,,,,,,,,,,,,,,,,,,,,,
,,,,,,,,,,,,,,,,,,,,,,,,,,,,,
,,,,,,,,,,,,,,,,,,,,,,,,,,,,,
,,,,,,,,,,,,,,,,,,,,,,,,,,,,,
,,,,,,,,,,,,,,,,,,,,,,,,,,,,,
,,,,,,,,,,,,,,,,,,,,,,,,,,,,,
,,,,,,,,,,,,,,,,,,,,,,,,,,,,,
,,,,,,,,,,,,,,,,,,,,,,,,,,,,,
,,,,,,,,,,,,,,,,,,,,,,,,,,,,,
,,,,,,,,,,,,,,,,,,,,,,,,,,,,,
,,,,,,,,,,,,,,,,,,,,,,,,,,,,,
,,,,,,,,,,,,,,,,,,,,,,,,,,,,,
,,,,,,,,,,,,,,,,,,,,,,,,,,,,,
,,,,,,,,,,,,,,,,,,,,,,,,,,,,,
,,,,,,,,,,,,,,,,,,,,,,,,,,,,,
,,,,,,,,,,,,,,,,,,,,,,,,,,,,,
,,,,,,,,,,,,,,,,,,,,,,,,,,,,,
,,,,,,,,,,,,,,,,,,,,,,,,,,,,,
,,,,,,,,,,,,,,,,,,,,,,,,,,,,,
,,,,,,,,,,,,,,,,,,,,,,,,,,,,,
,,,,,,,,,,,,,,,,,,,,,,,,,,,,,
,,,,,,,,,,,,,,,,,,,,,,,,,,,,,
,,,,,,,,,,,,,,,,,,,,,,,,,,,,,
,,,,,,,,,,,,,,,,,,,,,,,,,,,,,
,,,,,,,,,,,,,,,,,,,,,,,,,,,,,
,,,,,,,,,,,,,,,,,,,,,,,,,,,,,
,,,,,,,,,,,,,,,,,,,,,,,,,,,,,
,,,,,,,,,,,,,,,,,,,,,,,,,,,,,
,,,,,,,,,,,,,,,,,,,,,,,,,,,,,
,,,,,,,,,,,,,,,,,,,,,,,,,,,,,
,,,,,,,,,,,,,,,,,,,,,,,,,,,,,
,,,,,,,,,,,,,,,,,,,,,,,,,,,,,
,,,,,,,,,,,,,,,,,,,,,,,,,,,,,
,,,,,,,,,,,,,,,,,,,,,,,,,,,,,
,,,,,,,,,,,,,,,,,,,,,,,,,,,,,
,,,,,,,,,,,,,,,,,,,,,,,,,,,,,
,,,,,,,,,,,,,,,,,,,,,,,,,,,,,
,,,,,,,,,,,,,,,,,,,,,,,,,,,,,
,,,,,,,,,,,,,,,,,,,,,,,,,,,,,
,,,,,,,,,,,,,,,,,,,,,,,,,,,,,
,,,,,,,,,,,,,,,,,,,,,,,,,,,,,
,,,,,,,,,,,,,,,,,,,,,,,,,,,,,
,,,,,,,,,,,,,,,,,,,,,,,,,,,,,
,,,,,,,,,,,,,,,,,,,,,,,,,,,,,
,,,,,,,,,,,,,,,,,,,,,,,,,,,,,
,,,,,,,,,,,,,,,,,,,,,,,,,,,,,
,,,,,,,,,,,,,,,,,,,,,,,,,,,,,
,,,,,,,,,,,,,,,,,,,,,,,,,,,,,
,,,,,,,,,,,,,,,,,,,,,,,,,,,,,
,,,,,,,,,,,,,,,,,,,,,,,,,,,,,
,,,,,,,,,,,,,,,,,,,,,,,,,,,,,
,,,,,,,,,,,,,,,,,,,,,,,,,,,,,
,,,,,,,,,,,,,,,,,,,,,,,,,,,,,
,,,,,,,,,,,,,,,,,,,,,,,,,,,,,
,,,,,,,,,,,,,,,,,,,,,,,,,,,,,
,,,,,,,,,,,,,,,,,,,,,,,,,,,,,
,,,,,,,,,,,,,,,,,,,,,,,,,,,,,
,,,,,,,,,,,,,,,,,,,,,,,,,,,,,
,,,,,,,,,,,,,,,,,,,,,,,,,,,,,
,,,,,,,,,,,,,,,,,,,,,,,,,,,,,
,,,,,,,,,,,,,,,,,,,,,,,,,,,,,
,,,,,,,,,,,,,,,,,,,,,,,,,,,,,
,,,,,,,,,,,,,,,,,,,,,,,,,,,,,
,,,,,,,,,,,,,,,,,,,,,,,,,,,,,
,,,,,,,,,,,,,,,,,,,,,,,,,,,,,
,,,,,,,,,,,,,,,,,,,,,,,,,,,,,
,,,,,,,,,,,,,,,,,,,,,,,,,,,,,
,,,,,,,,,,,,,,,,,,,,,,,,,,,,,
,,,,,,,,,,,,,,,,,,,,,,,,,,,,,
,,,,,,,,,,,,,,,,,,,,,,,,,,,,,
,,,,,,,,,,,,,,,,,,,,,,,,,,,,,
,,,,,,,,,,,,,,,,,,,,,,,,,,,,,
,,,,,,,,,,,,,,,,,,,,,,,,,,,,,
,,,,,,,,,,,,,,,,,,,,,,,,,,,,,
,,,,,,,,,,,,,,,,,,,,,,,,,,,,,
,,,,,,,,,,,,,,,,,,,,,,,,,,,,,
,,,,,,,,,,,,,,,,,,,,,,,,,,,,,
,,,,,,,,,,,,,,,,,,,,,,,,,,,,,
,,,,,,,,,,,,,,,,,,,,,,,,,,,,,
,,,,,,,,,,,,,,,,,,,,,,,,,,,,,
,,,,,,,,,,,,,,,,,,,,,,,,,,,,,
,,,,,,,,,,,,,,,,,,,,,,,,,,,,,
,,,,,,,,,,,,,,,,,,,,,,,,,,,,,
,,,,,,,,,,,,,,,,,,,,,,,,,,,,,
,,,,,,,,,,,,,,,,,,,,,,,,,,,,,
,,,,,,,,,,,,,,,,,,,,,,,,,,,,,
,,,,,,,,,,,,,,,,,,,,,,,,,,,,,
,,,,,,,,,,,,,,,,,,,,,,,,,,,,,
,,,,,,,,,,,,,,,,,,,,,,,,,,,,,
,,,,,,,,,,,,,,,,,,,,,,,,,,,,,
,,,,,,,,,,,,,,,,,,,,,,,,,,,,,
,,,,,,,,,,,,,,,,,,,,,,,,,,,,,
,,,,,,,,,,,,,,,,,,,,,,,,,,,,,
,,,,,,,,,,,,,,,,,,,,,,,,,,,,,
,,,,,,,,,,,,,,,,,,,,,,,,,,,,,
,,,,,,,,,,,,,,,,,,,,,,,,,,,,,
,,,,,,,,,,,,,,,,,,,,,,,,,,,,,
,,,,,,,,,,,,,,,,,,,,,,,,,,,,,
,,,,,,,,,,,,,,,,,,,,,,,,,,,,,
,,,,,,,,,,,,,,,,,,,,,,,,,,,,,
,,,,,,,,,,,,,,,,,,,,,,,,,,,,,
,,,,,,,,,,,,,,,,,,,,,,,,,,,,,
,,,,,,,,,,,,,,,,,,,,,,,,,,,,,
,,,,,,,,,,,,,,,,,,,,,,,,,,,,,
,,,,,,,,,,,,,,,,,,,,,,,,,,,,,
,,,,,,,,,,,,,,,,,,,,,,,,,,,,,
,,,,,,,,,,,,,,,,,,,,,,,,,,,,,
,,,,,,,,,,,,,,,,,,,,,,,,,,,,,
,,,,,,,,,,,,,,,,,,,,,,,,,,,,,
,,,,,,,,,,,,,,,,,,,,,,,,,,,,,
,,,,,,,,,,,,,,,,,,,,,,,,,,,,,
,,,,,,,,,,,,,,,,,,,,,,,,,,,,,
,,,,,,,,,,,,,,,,,,,,,,,,,,,,,
,,,,,,,,,,,,,,,,,,,,,,,,,,,,,
,,,,,,,,,,,,,,,,,,,,,,,,,,,,,
,,,,,,,,,,,,,,,,,,,,,,,,,,,,,
,,,,,,,,,,,,,,,,,,,,,,,,,,,,,
,,,,,,,,,,,,,,,,,,,,,,,,,,,,,
,,,,,,,,,,,,,,,,,,,,,,,,,,,,,
,,,,,,,,,,,,,,,,,,,,,,,,,,,,,
,,,,,,,,,,,,,,,,,,,,,,,,,,,,,
,,,,,,,,,,,,,,,,,,,,,,,,,,,,,
,,,,,,,,,,,,,,,,,,,,,,,,,,,,,
,,,,,,,,,,,,,,,,,,,,,,,,,,,,,
,,,,,,,,,,,,,,,,,,,,,,,,,,,,,
,,,,,,,,,,,,,,,,,,,,,,,,,,,,,
,,,,,,,,,,,,,,,,,,,,,,,,,,,,,
,,,,,,,,,,,,,,,,,,,,,,,,,,,,,
,,,,,,,,,,,,,,,,,,,,,,,,,,,,,
,,,,,,,,,,,,,,,,,,,,,,,,,,,,,
,,,,,,,,,,,,,,,,,,,,,,,,,,,,,
,,,,,,,,,,,,,,,,,,,,,,,,,,,,,
,,,,,,,,,,,,,,,,,,,,,,,,,,,,,
,,,,,,,,,,,,,,,,,,,,,,,,,,,,,
,,,,,,,,,,,,,,,,,,,,,,,,,,,,,
,,,,,,,,,,,,,,,,,,,,,,,,,,,,,
